순번,페이지,게시글순서,제목,내용,링크
1,1,1,로그인,내용 추출 실패,https://logins.daum.net/accounts/loginform.do?url=https%3A%2F%2Ftop.cafe.daum.net%2F_c21_%2Fsearch%2Fcafe-table%3FsearchOpt%3DCAFE_ARTICLE%26articleSortType%3DACCURACY%26q%3Dirp%26p%3D1
2,1,2,테이블,내용 추출 실패,https://table.cafe.daum.net/
3,1,3,IRP 계좌 만들기 잘 아시는 분 저 퇴직금 받을 수 있게 도와주세용 ㅠㅠ,내용 추출 실패,https://cafe.daum.net/dotax/D8UA/5690766?q=irp
4,1,5,도탁스 (DOTAX),내용 추출 실패,https://cafe.daum.net/dotax
5,1,6,카페글 미리보기,내용 추출 실패,https://cafe.daum.net/dotax/D8UA/5690766
6,1,7,"IRP 계좌 출금, 해지방법",내용 추출 실패,https://cafe.daum.net/getmoney114/WJvX/2?q=irp
7,1,9,금융지식꿀팁,내용 추출 실패,https://cafe.daum.net/getmoney114
8,1,10,카페글 미리보기,내용 추출 실패,https://cafe.daum.net/getmoney114/WJvX/2
9,1,11,"ISA, IRP, 연금저축계좌로 해외간접투자 하지마세요, ISA의 소득세제혜택 사라지고 건강보험료 적용됩니다.",내용 추출 실패,https://cafe.daum.net/dobongbak/OKcO/4?q=irp
10,1,13,대동 도시 사회 경제 포럼,내용 추출 실패,https://cafe.daum.net/dobongbak
11,1,14,카페글 미리보기,내용 추출 실패,https://cafe.daum.net/dobongbak/OKcO/4
12,1,15,퇴직연금(IRP계좌)을 어찌 운용할지 고민입니다.,내용 추출 실패,https://cafe.daum.net/10in10/1pRl/1416067?q=irp
13,1,17,텐인텐[10년 10억 만들기],내용 추출 실패,https://cafe.daum.net/10in10
14,1,18,카페글 미리보기,내용 추출 실패,https://cafe.daum.net/10in10/1pRl/1416067
15,1,19,캐디는 irp 계좌가입이 어렵나요…???,내용 추출 실패,https://cafe.daum.net/caddie1004/QLHH/23884?q=irp
16,1,21,캐디세상,내용 추출 실패,https://cafe.daum.net/caddie1004
17,1,22,카페글 미리보기,내용 추출 실패,https://cafe.daum.net/caddie1004/QLHH/23884
18,1,23,퇴직급여제도 일시금 수령 IRP 설정 can/must?,내용 추출 실패,https://cafe.daum.net/keedong/2m1L/161221?q=irp
19,1,25,노무사의 길을 걷는 사람들,내용 추출 실패,https://cafe.daum.net/keedong
20,1,26,카페글 미리보기,내용 추출 실패,https://cafe.daum.net/keedong/2m1L/161221
21,1,27,퇴사할때 irp 계좌가 있어야 한다고 해서 알아보는데,내용 추출 실패,https://cafe.daum.net/rocksoccer/ADrt/817529?q=irp
22,1,29,樂soccer,내용 추출 실패,https://cafe.daum.net/rocksoccer
23,1,30,카페글 미리보기,내용 추출 실패,https://cafe.daum.net/rocksoccer/ADrt/817529
24,1,31,"""월급 60%를 연금저축·IRP에""… 벌써 노후 준비나선 2030 - 연금 상품에 관심 급증",내용 추출 실패,https://cafe.daum.net/21ceta/VQD5/491?q=irp
25,1,33,21세기 영어교육연구회(21st C.E.T.A.),내용 추출 실패,https://cafe.daum.net/21ceta
26,1,34,카페글 미리보기,내용 추출 실패,https://cafe.daum.net/21ceta/VQD5/491
27,1,35,“월급 60%를 연금저축·IRP에”… 벌써 노후 준비나선 2030,내용 추출 실패,https://cafe.daum.net/dobongbak/NU7l/44459?q=irp
28,1,38,카페글 미리보기,내용 추출 실패,https://cafe.daum.net/dobongbak/NU7l/44459
29,1,39,혹시 퇴직연금 irp계좌 아는사람??,내용 추출 실패,https://cafe.daum.net/weareshower/ZEn5/6195177?q=irp
30,1,41,우리 동네 목욕탕,내용 추출 실패,https://cafe.daum.net/weareshower
31,1,42,카페글 미리보기,내용 추출 실패,https://cafe.daum.net/weareshower/ZEn5/6195177
