뉴스제목,뉴스내용,언론사,날짜,링크
정렬,내용 정보 없음,정보없음,정보없음,
서비스 영역,내용 정보 없음,정보없음,정보없음,
기간,내용 정보 없음,정보없음,정보없음,
유형,내용 정보 없음,정보없음,정보없음,
언론사,내용 정보 없음,정보없음,정보없음,
기자명,내용 정보 없음,정보없음,정보없음,
옵션 초기화,내용 정보 없음,정보없음,정보없음,?mynews=0&nso_open=1&office_category=0&office_type=0&query=%ED%87%B4%EC%A7%81%EC%97%B0%EA%B8%88&service_area=0&sm=tab_opt&ssc=tab.news.all
네이버뉴스,내용 정보 없음,정보없음,정보없음,https://n.news.naver.com/mnews/article/023/0003912851?sid=102
irp 퇴직연금,내용 정보 없음,정보없음,정보없음,?where=news&ssc=tab.news.all&query=irp+%ED%87%B4%EC%A7%81%EC%97%B0%EA%B8%88&sm=tab_she&qdt=0
클립 크리에이터 신청 기간,내용 정보 없음,정보없음,정보없음,
[단독]퇴직연금디폴트 옵션서 예·적금 뺀다,내용 정보 없음,정보없음,정보없음,https://n.news.naver.com/article/018/0006041435?sid=101
"삼성운용·쿼터백 ""전략퇴직연금RA 알고리즘 6개월 수익률 1위""",내용 정보 없음,정보없음,정보없음,https://www.goodkyung.com/news/articleView.html?idxno=266103
"NH투자증권,퇴직연금하이브리드 자산관리 서비스 본격화",내용 정보 없음,정보없음,정보없음,https://www.businessplus.kr/news/articleView.html?idxno=90034
,내용 정보 없음,정보없음,정보없음,http://www.getnews.co.kr
"신한투자증권,퇴직연금자산 6조원 돌파...1.3년만에 1조원 불어",내용 정보 없음,정보없음,정보없음,https://www.financialpost.co.kr/news/articleView.html?idxno=228105
"신한투자증권,퇴직연금자산 6조원 돌파…IRP 성장세 뚜렷",내용 정보 없음,정보없음,정보없음,https://www.ebn.co.kr/news/articleView.html?idxno=1666554
