순번,제목,내용,사용자_정보,카페명,작성일,링크
1,20대 퇴직연금 DC 전환,"안녕하세요
​
퇴직 연금 관련하여 고민이 있어 의견 나누어보고자 글 남깁니다.
만 25세이며 직장생활은 2년차, 올해 계약 연봉은 5450 정도입니다.
2년차라 모수가 적긴하지만 연봉 인상률은 대략 개인 성과에 따라 3~5%정도 되는 것 같습니다.
​
카페에 다른 분들이 글 남기신 걸 보니 아래와 같은 이유로 주장하시던데 저와 같은 상황의 경우 어떤게 나을지 고민됩니다.
​
DB형 유지 : 1. 연봉 상승의 여지 2. 직급 상승의 여지
​
DC형 전환: 1. 장기 투자 시 연봉 인상률 보다 높은 기댓값의 시장 수익률
​
위험한 투자는 하지않고 현 포트폴리오대로 SCHD,QQQ 5:5 정도 비율로 투자할 거 같은데 DB 유지가 나을지, DC형 전환이 나을지 의견 부탁 드립니다.","배당 투자자 모임
2025.04.15.",카페명 없음,날짜 없음,https://cafe.naver.com/divclub/25273?art=ZXh0ZXJuYWwtc2VydmljZS1uYXZlci1zZWFyY2gtY2FmZS1wcg.eyJhbGciOiJIUzI1NiIsInR5cCI6IkpXVCJ9.eyJjYWZlVHlwZSI6IkNBRkVfVVJMIiwiY2FmZVVybCI6ImRpdmNsdWIiLCJhcnRpY2xlSWQiOjI1MjczLCJpc3N1ZWRBdCI6MTc1MDc0NzI3ODY2OH0.nUVwTtDA4Tx-nwfIw4899m5yu4F0E_FTawUKI9WZtEo
2,퇴직연금(DB->DC전환 후기)와 입문 6년차 소감입니다 (부제: 지속적인 독서를 통해 언젠가 한 번은 큰 깨달음을 얻어야한다),"안녕하세요?
제가 가투소에 입문계기를 남겼던 글을 뒤돌아보니
2021.04.25 작성이었고 4년 정도가 흘렀습니다.
해당 글을 읽어보니 제가 이런 글을 적었고 어떤 감정상태였는지 좋았어서 먼 훗날 다시 보려고 자기 만족용으로 작성해보려 합니다.
​
결론만 말씀드리면 올해 4월 몇년 간
숙고해오던 DB퇴직연금을 DC퇴직연금으로 변경했고
4월 3주차말에 수령했고 지난주 제가 적정하다고 생각하는 자산들에 자본배분을 완료했습니다.
작년 8월 확신 -> 올해 4월 실행
마치 10년 가까운 결혼생활이 스쳐지나갔습니다
비교적 사회생활을 일찍 시작했기에
결혼도 20대 후반에 일찍하게 됐고
아이도 일찍 낳게 되었는데
​
이게 제가 살면서 가장 잘한 결정이라고 생각합니다.
​
다만, 결혼하기 전에도 잘 살수 있을까?
막연한 걱정이 들었던 것도 사실이었죠
​
DB를 DC로 변경한 것도 결혼 생활처럼 여러 우여곡절이 있겠지만 결국엔 아주 잘한 결정일거라 생각합니다.
​
육제님의 당신의 퇴직금은 안녕하십니까?
이 글로부터 카페에서 DB, DC관련 큰 도움을 받아서
다른 분들께도 공유드리고 싶습니다.
바로 아래는 제가 작년 8월 DB를 DC로 바꾸려고 작성한 글입니다. 글을 작성하게 되면 스스로 정리하고 배우는게 많은 것 같습니다.
​
퇴직금 DB를 DC로 바꾸는건 한 번 바꾸면
다시 돌아갈 수 없기에 매우 신중하시길 권고드립니다
​
다만, 저는 투자의 이유는 세후 순이익 극대화라고 생각하고 그에 맞는 방법이라고 생각이 들었습니다.
------------------------------------------------------------
다음으로는 제가 왜 DB를 DC로 바꾸고
평생 가치투자를 지향하는지 저의 회고록입니다.
​
​
1. 주식시장에 입문하게된 계기[맹장수술, 대한약품]
제가 초기에 적었던 글을 보니 어떤 종목이 좋냐 이런 질문을 했었는데 참 부끄러운 글 같습니다.
2021년 2월 무렵 첫 가투소 글 작성
2021.04.25. 투자입문계기를 작성했었습니다.
​
2010년 중반정도 대학을 졸업하자마자 경제활동을 시작하고 월급도 그냥 월급통장에 방치하고, 아파트청약도 관심이 없이 그렇게 3년을 지내다 결혼하게되고
​
저의 이런 재무적 무관심(?)에 배우자가 저의 재무관리능력을 못 미더워하며 저축만하며 살고 있었습니다.
​
그러다가 2020년 1월 맹장 수술을 갑자기 하게되고
4박5일동안 입원해있으면서 제 몸에 들어오는 수액과 항생제가 대한약품의 것임을 알고 스마트폰으로 찾아보니 10년 새 주가가 거의 10배 이상오른 것에
가슴큰 울림을 받았습니다.
(이때 수액이 JW생명과학이나 HK이노엔 처럼 타사꺼였다면 저는 지금 다른 길을 가고 있을까요? 우리의 삶엔 우연이 참 많은 것 같습니다. 버크셔 주주서한을 읽다가 버크셔가 BNSF인수 과정에서도 우연히 깃들었음을 알 수 있었습니다)
​
​
2. 곧 시작된 2020.03 코로나 폭락장
네, 돌이켜보면 이때의 저는 주식이 왜오르는지 내리는지도 모르고 매도매수에 집중하고 오로지 차트와 가격만 신경쓰던 초보자였습니다.
​
버핏의 글과 말을 따라가다 보면 버핏은
6살 무렵 집 서재에 있는 아버지(증권중개인)의 책부터 10대때 이미 도서관에 있는 모든 투자책을 섭렵했으나(차트 등) 주식이 왜 오르고 내리는지 이해하지 못하다가 19세 정도에 현명한 투자자를 만나고 원리를 터득했고 대학졸업후 하버드 경영대학원에 탈락한 이후 컬럼비아대학원으로 진학하여 그레이엄과 도드의 수업을 받으며 진정한 입문을 하게됩니다.
​
저는 아직 버핏처럼 왜 주식시장이 오르고 내리는지 원리를 모른채 일단 2020.03 폭락장을 맞이하였는데
​
입문한지는 3달차였고, 개별주식 시드는 크지않았습니다. 다만 성과급전환 퇴직연금DC계좌에 2천만원 남짓이 있었고 그 돈으로 3월 폭락장 거의 끝 자락에
KODEX FANG플러스(H)란 녀석을 10,600원 부근에
1/3정도 샀는데요 지금은 KODEX 미국빅테크10(H)로 이름이 바뀌었네요 ㅎㅎ
지금은 4만원이 넘었네요
(네 저는 안타깝게 2020년 말집 잔금시 인출해서 없습니다..)
더 적으려했으나 길어질것 같아 제 입문글로 대체합니다.
​
3. 2020~2023년 여전히 헤맸던 시기
이때의 저는 여전히 답을 찾지 못했고
와이프몰래 마이너스통장 3천만원 정도를 사용해서
2020년 9월~10월 무렵까지 개별주식을 했었습니다.
​
부채를 이용하는 것에 위험도 모른채
그러다가 와이프에게 해당사실이 발각(?)되고
​
(네.. 저는 3년간 월급을 그냥 통장에 방치해두던 사람입니다.)
​
그리고 일반 사람입장에서는 주식이 위험자산이 맞습니다. 그리고 우리 주변에 공부없이 실패한 사례들이 빈번하기에 우리 부모님들 어른들 조차 주식을 하지말라고하고 주식투자를 투기로 간주합니다.
​
해당 의견에 매우 깊게 공감합니다.
​
그러나 2020년 가을 저는 아주 젊었고 서른초반인 당시 와이프는 마통으로 하는 주식을 모두 정리하고 마통을 갚으라고 한 상황이 (네 티비나 인터넷에서 많이 보던 장면입니다) 답답하고 나는 다르다고 순진하게 생각했었습니다.)
​
그 이후 2021년 1월정도 코스피 3000을 넘고 에스엔피도 4000을 넘는 등 최고의 강세장이 펼쳐집니다.
​
아마 이때까지 와이프에게 발견되지 않고 개별주식을 했더라면 저는 제가 잘해서 수익난지 알고 아직 까지
​
시장이란 망망대해를 헤쳐나갈 답을 구하지 못했을겁니다.
​
(이때 저는 작은 돈이지만 수 많은 걸 해봤었습니다.
빅스, 유가etf, 수많은 미국주식, 한국주식, 금, 채권 등 그것들이 어떤 원리로 작동되는지도 모른채)
​
자동차 초보자가 마치 과속운전을 하는 시한폭탄처럼
​
그러나 와이프라는 브레이크가 저를 제어하였고 저는 안전한 정속주행 운전자가 되었고 끝까지 완주를 지향합니다 ㅎㅎ (feat. 그레이의 단검이론버크셔 주주서한 중 부채를 묘사한)
단검이론요약
아무리 운전을 조심하더라고
구덩이에 한 번 빠지면 목숨을 잃게된다.
투자로 대입시 과도한 부채는
아무리 조심하더라도 투자금이 0이 될수 있다.
이 시기에는 집을 샀으므로 부동산카페에 더 관심을 가졌던 시기입니다. 마치 주식에 차트가 있듯이 집값 등락에 관심을 가지던.
​
그러다가 집을 팔것도 아니고 부동산카페를 들락날락하는게 참 무의미하다고 생각이들다가
​
집을 산 이후로 와이프와 각자 받던 용돈 50만원씩을 중단했었는데 와이프에게 해당 용돈으로 투자를 하고 싶다고 말했고 와이프는 그래 잃어도 그 안에서만 잃어라 하고 허락해줬습니다.
​
이때부터 매월 50만원씩 적립식 투자가 시작되었고
​
2022년 약세장과 회복장은 새로운 업무에 적응하느라 큰 의미없이 흘려보내게 됩니다.
​
그러다가 2021년 MBA를 진학하게 됐는데
투자론, 행동재무론 두 과목에서 큰 울림이 왔습니다.
투자론에서는 시장은 효율적이라고 가르치는데
행동재무론에서는 비효율적인 부분을 많이 가르칩니다.
.저는 후자에 더 끌렸고 행동재무론 시험문제에 가치와 가격에 차이를 묻는 문제가 나왔는데 당시에도
그 깊은 뜻은 이해하지는 못했습니다.
​
회사, 육아와 MBA를 2년 병행하며 그렇게 2~3년이 지나갔습니다.
​
회사동기가 묻더군요 차라리 전문직을 준비하지
왜 MBA를 가냐 전문직 준비할 능력도 안되고
저는 사실 수업듣는걸 정말 좋아했습니다
집중되고 있을때 그 느낌이 정말로 좋습니다.
(조언하던 동기는 전문직입니다 ㅎㅎ 부럽습니다)
​
그래서 기회가된다면 언젠가 직장인 박사과정도 생각이있습니다.
(버핏도 경영대학원을 3곳 다녔습니다)
돈을 더 벌기 위해서보다는 제가 여전히 수업듣는것을 즐거워한다면 또한 진정한 스승님을 만날 수 있다면 그때라면 가보고 싶습니다.
​
위 시기에는 실패사례를 또 고백하자면
월 적립식 50만원으로 투자를 하던 중
찰리멍거가 알리바바를 투자하기 앞서
​
저도 알리바바가 300달러부근에서 210~230달러선으로 하락하자 매수를 하기시작했었고
​
찰리멍거도 매수를 하자 저 스스로도 하방경직성이 강하다고생각했습니다 (고점에서 30%하락한 상태였습니다. 지금도 빅테크들은 고점에서 2~30% 하락한것 같네요!?)
​
그러나 주식은 언제든 0이 될 수 있습니다.
​
마윈이 금융당국을 비판하자 숙청당하고 알리바바는 55달러 까지다녀온적이 있었죠...
​
당시 100달러밑에서 지속적인 물타기로
손실을 최소화 하긴했으나
​
개별주식은 0이 될 수 있음을 그때 몸소 느꼈습니다
​
큰 금액은 아니었으나 환손실과 주가하락률로 -90%를 경험해본것도 나름 좋은 교훈이었습니다.
​
4. 2024년 여름 큰 깨달음을 얻다
2024년 초에도 저는 여전히 헤메고 있었습니다.
회사동기의 조언처럼 늦었지만 전문직을 공부해야하나 싶은 마음도 들다가 대학생때도 안해본 공부를 할 수 있을까? 회의감도 들고
​
행동재무학 교수님께서 마지막 수업즈음에 전문직 시험 기웃거리면서 시간을 낭비하지말라며 (저 뿐만 아니라 모든 수강생대상) 현실에서 답을 찾으라는 그 말이 떠올랐습니다.
​
그러다가 가투소에서 오성과 한음님, 부산갈매기님, 신념있는 헌터님 글들을 보면서 이 분들이 쓰신 글을 모조리 읽었고 2024년 5월 무렵부터 수십권의 책을 읽게 됐고
(제가 2024.05에 쓴글을 보니 그 당시에도 이미 버핏, 멍거 등의 책을 집에 소장하고 가치투자서적을 10권 정도 읽었으나 아직도 헤메고 있었습니다)
​
그러다가 우연히 작년 여름 경 버핏클럽에서 이건 선생님을 알게되고 이건 선생님이 번역한 20~30개 남짓의 아티클을 모두 읽었습니다.
(버크셔 주주서한 및 주주총회 Q&A, 찰리멍거의 글들)
​
그리고 거기서 아주 소중한 버핏의 20~30대 활동 자료인 초기 버핏조합시절 주주서한(1950년대~1960년대)을 구매해서 읽게됐습니다.
​
워런버핏으로부터 영감을 받았지만 이건 번역가님이 없었다면 그 뜻을 이해하지 못하고 아직도 헤매고 있었을겁니다.
​
제일 마음을 울렸던 글은
버핏의 그레이엄도드마을의 탁월한투자자들 강연본을 읽고 버핏이 말하던 가치투자 개념을 이해하게되면 5분만에 이해하고 평생을 실천하게 되고
그렇지 않다면 평생 대부분 관심이 없다고 합니다.
​
이는 똑똑하냐 아니냐 (IQ)의 문제보다는
각 개인별 관심사가 다르기 때문입니다.
​
네 저는 5년간 헤매고 있었고 이 문장을 읽고
버핏클럽에 이건선생님의 번역글들을 읽고 머릿속에 전구가 번쩍이듯 깨달음이 왔습니다.
'24.05 -> '24.08 깨달음을 얻고 DC로 전환결심
5. 내가 깨달은 원리
​
1) 가격과 가치의 괴리
제가 만났던 수 많은 가치투자자들은 (책에서 만났던 버핏, 멍거, 피터린치, 파브라이 등은 아무도 거시경제를 예측하려하지 않고 개별기업에만 집중했습니다. )즉,가치와 가격에만 집중했습니다
​
이는 월가의 전문가만 그런 것이 아닙니다. 일반인중에서도 실천하시는 분들이 있고 가투소나 버핏클럽의 글만보더라고 박성진님, 숙향님, 이 카페장인 남산주성님 우리 주변에 훌륭한 롤모델이 매우 많습니다.
​
다만, 공통점은 이들은 최소 보유기간을 3년 정도
또는 무한대로 바라보았습니다.
​
평균회귀에 의해 높았던건 내려가고
내렸던건 올라갑니다.
(살면서 만나게될 그럭저럭 평범한 투자들)
​
그러나 아주 특이하게 꾸준히 상승하는 것도 있습니다(보유기간 무한대
운이좋다면 살면서 만나게될 10개 정도 빅찬스
5년에 1개 만나도 훌륭합니다)
​
2) 주가상승의 원천은 유보이익(배당포함)
네 바로 이 유보이익개념인데요 버핏클럽 2019년 주주서한에서 가져왔습니다. 전체는 유료공개이나 일부 앞부분은 무료로 공개되는 부분에 포함되는 부분이라인용했습니다.
​
버크셔홈페이지에 영문 주주서한이 무료로 게시되어있으므로 구글번역기만 돌려도 어느정도 잘 해석된 자료를 무료로 볼 수 있는 시대입니다.
​
제가 2024년 5월 무렵 여전히 헤메고 있던 시절 읽었던 제러미시겔 교수님의 책에도 스미스의 유보이익이 언급되어 있었습니다.
​
우리 인생은 수 많은 실패를 하더라도 반복하게되면 언젠가 진리와 만나게 된다고 생각합니다.
​
아이 동화를 읽어주다보니 산에서 마를캐면서 살던 총각이 있었는데 마 주변에는 금이 가득했지만
총각은 금의 존재를 몰라 돌덩이로만 여길뿐 마를 캐다가 생계를 유지했습니다.
​
그러다가 장가를 가게 됐고 시집온 현명한 색시가 금을 알아보고 내다 팔아 부자가 되었지요.
​
우리 주변엔 실제로는 금과같이 가치있는 것들이 도처에 널렸지만 내가 알아보기 전까지는 마와 같습니다.
​
남들에게 계속 질문만 하다가는 (무슨 종목이 좋냐, 무엇이 오를꺼 같냐, 호재가 없냐 등) 평생 금을 발견하지 못 할 수도 있습니다.
​
그러나 가치있는 금을 알아보려고 노력하다보면 언젠가 깨우치는 날이 오지 않을까요?
​
제가 작년 8월 큰 깨달음을 얻기까지
투자입문 후 약 5년간 미지의 세계에서 헤매고
있었습니다.
​
​
3) 가치투자자들은 독서광이다
버핏은 70대에도 눈 앞에 있는 책은 모조리 읽는다고 했고 멍거도 전기광(위인전 탐독)이었습니다.
""실패해도 포기말고 계속 학습하십시오""
세계에서 최고인 구루들도 노인이되서도 매일 수십 수백페이지를 읽는데 일반인이 그렇게 하지않을 이유가 있을까요?
​
꼭 책을 읽는 것만 학습은 아닐 것입니다. (제 경우에는 학습방법 중 큰 도움이 된게 책은 맞습니다)
​
네브레스카 퍼니쳐마트의 B여사는 영어를 읽을 줄도 쓸줄도 몰랐지만 2500불 초기자본금으로 재투자없이 수조원대 사업으로 일궈냈습니다.
제 소중한 책들
와이프가 책을 사는 걸 싫어해서
(집에 둘 곳이 없다고..) 빌려보는걸 권유하지만
​
워런버핏과 찰리멍거 책들은 꼭 소장하고 싶어서 갖고있습니다 ㅎㅎ
​
작년에 김형석 철학자님의 백년의지혜? 라는 책을 읽다보니 그런 부분이 있었습니다.
​
본인은 정신적(철학)으로는 최상류층을 지향하고 물질적으로는 중산층을 지향한다.
​
그 분 나이가 당시 70대 전후였던것 같은데 사업가로 성공한 친구가 부럽다며 너의 커리어를 할 수 있으면 바꾸고 싶다고하는데 김형석 그 분은 억만금을 줘도 못바꾼다고 말했다고 농담식으로 지나가던 부분이 스쳐지나갑니다.
​
네, 저에게 큰 깨달음을 준 이 책들은 돈으로 환산할 수 없는 저의 자양분입니다.
​
본업이 있으므로 책을 읽을 시간이 부족하지만
아침 출근시간 기차에서 25분을 집중적으로 이용하고
짬을 내서 읽으면 한 달에 2권 정도는 기본적으로 읽고 있습니다.
​
(위 책외에 다양한 책도 읽지만 위 책들은 특히 버크셔주주서한과 Q&A는 제가 종교는 없지만 신앙심 깊은 분들이 성경을 읽듯이 평생 반복해서 읽을 생각입니다. 읽을 때마다 투자뿐만아니라 인생에 주는 지혜가 엄청납니다)
​
4. 버핏이 가르쳐준 최고의 교훈:
본인에게 투자하는 것이 최고의 투자이다
​
이 말도 깨우치는데 시간이 좀 걸렸습니다.
​
본인에게 투자하려면 본인이 무엇을 좋아하는지,
잘하는지, 언제 행복한지 끊임 없는 성찰을 통해
삶을 그런 요소들로 가득채워야 합니다.
그러면 스트레스가 없어집니다.
​
저에게는 단기간은 이루기 어렵겠지만 장기간(최소 10년~20년) 노력을 통해 그런 삶을 살 수 있도록 노력해가는 것이라 결론을 내렸습니다.
​
개인마다 성향이 다르니 본인에 대한 투자가 어떤 투자가 좋은 것인지 개인마다 다를것 같습니다.
​
저에게는 평소에 꾸준히 책을 읽고,
소득보다 소비를 줄이고 남은 여유자금으로 꾸준히 투자를 하고(퇴직전까지 모든 배당금 주가수익은 재투자), 화목한 가정을 위해 노력하고 아이를 잘키우는게 저에게 할 수 있는 최고의 투자라고 생각합니다.
​
그러기 위해서는 본업에서 경쟁력을 유지해야하기에
회사일도 소홀함없이 해야할 것입니다.
​
책을 또 가까이하게된 계기는 2년 전 하루 외부교육으로 어떤 강의를 들은 적이 있는데 한 달에 회계관련 서적을 한 권씩 꾸준히 읽는다면 달라질 수 있다고 하신 말씀을 들은 것도 중요한 포인트였습니다.
​
우리 인생에서 진정한 스승님을 언제 어디서 만날지모릅니다. 누군가에 한 마디가 다른사람의 인생을 바꿀수 도있습니다.
​
저는 버크셔의 주주서한과 큐엔에이를 꾸준히 읽어나가는 것이 회계책을 지속적으로 읽는것과 다름없다 생각합니다.
​
-------------------------------------------------------------
​
5. 10년 뒤 장기간 그림을 그리다
입사 1년차에 회사동기들과 교육을 듣던 중 어느강사님이 10년뒤에 이메일을 다시 보낼테니 만나자고 하셨던 분이있었는데(진짜 이메일이온것을 봤습니다. 코로나이후 기술발달덕에 줌으로 진행하시지만 참여는 하지않았습니다)
​
10년은 어느 순간보니 지나 있었고 예전에는 10년 뒤라면 제가 생각할 수 없난 막연한 미지의 세계였는데
​
지금의 저는 앞으로 10년뒤에는 제가 어떤 삶을 살고 있을지 명확하게 그려가고 있다고 생각합니다.
​
버핏 글과 말을 따라가다보면 버핏은 언제 어디에 있든 자신의 투자결정이 버크셔란 캔버스에 그림을 그리는 것이라고 생각하고 그려나갑니다.
그리고 그 결과물을 주주서한으로 1년에 1번 리사이팅 하고 있죠.
​
각자 자신만의 인생이란 캔버스에 붓을 들고 있는건 나 자신입니다.
​
네 저는 이제 10년 20년 미래를 내다보며
붓을 들고 있습니다.
​
6. 마무리 잡담
1) 버핏이 알려준 또 다른 교훈
내면적 점수판
점수판과 외면적 점수판 중 내면적 점수판을 따라가라. 외면적 점수판을 신경쓰면 평가가 끝나더라도 허무한 느낌을 지울 수 없을 것이다.
이너스코어 카드
버핏은 이런관점에서 1960년대 후반
버핏투자조합을 해산합니다.
​
그 서한을 보면 사력을 다해서 20~30대의 모든 것을 받쳐서 버핏투자조합의 수익률을 이루어냈느나
​
이제 편안한 방법으로 살고 싶다.
​
누군가에게 점수를 내야하고 60살에도 그렇게 살고 있다면 잘못된 것일 것이다
​
버핏은 아버지한테 내면적점수판을 배웠다고 했습니다.
​
제 삶도 40대 이후부터는 힘을 좀 빼더라도 편안한 삶을 지향합니다.
​
2) 찰리멍거의 만족지연과 기대감 낮추기
버크셔 주주총회 중 만족지연 관련  대략 이런말을 남겼습니다. 본인은 만족지연의 전문가이며, 버크셔A주 수천주를 들고 있으면서(수천억원대 부자라는 말) 어디에선가 누더기를 걸치고 있을 노인을 떠올린다.
​
기대를 낮추면 만족도가 높아진다.
​
해야할것보다 하지말아야할 것을 피해라.
​
3) 생산성자산 vs 비생산성자산
버크셔 2018 Q&A 중
​
로그인없이도 볼 수 있는 부분에 해당되어 인용했습니다.
​
왜 생산성있는 자산에 장기투자 해야하는지 알 수 있는 귀중한 자료입니다.
​
강방천 인터뷰 중
며칠 전 강방천님의 글을 봤는데요 AI시대의 생산성 확대 및 공급과잉으로 디플레이션이 올거라는 예측입니다.
​
예전의 저라면 저런 글을 읽고도 아무 답을 못했겠지만 지금의 저는 거시경제를 예측하지 않습니다. 알 수도 없습니다. 다만 디플레이션(물가하락)이 온다하더라도 가장 생산성있는 자산은 주식입니다(개별주식가능하겠지만 장기으로는 s&p500, kodex200 같은 지수를 선호)
​
이 글 앞 뒤로 나오는 스미스의 유보이익 (버핏과 제러미시겔이 알려주는)이 그 핵심입니다.
​
1920년대 스미스가 인플레이션에는 주식이 채권보다 효과가 높았는데 디플레이션에는 채권이 주식보다 좋을지 알았는데 아니었다. 디플레이션에서도 주식이 더 좋았다. 본인의 연구실패를 고백하면서 유보이익이 재조명됩니다.
​
네, 제가 은퇴까지 재투자를 계속하는 이유도 유보이익과 비슷한 성격으로 보면 되겠습니다.
​
4)모건하우절 시골촌뜨기+독립+최고의ROI
​
워런버핏의 내면점수판과 본질은 같습니다.
매일 아침 일어날때 내가 하고싶은 일을 하고싶은 장소에서 좋아하는사람들과 함께하는 삶
​
내 미래를 남에게 맡기지 않으려 저축(투자)를 통해 그런 삶을 지향하는것
​
투자에 제가 흥미를 느끼는 거는 아마도
시골촌뜨기가 배운게 없더라도 본능적으로
기질적으로 전문가를 이길 수 있다는 것
​
모건하우절 돈의심리학에 나오는 대표적인
촌뜨기 사례 로널드 리드입니다.
​
제 롤모델입니다.
​
저 같은 시골 촌뜨기도 묵묵하게 나아가면 할 수 있다는 희망을 주는 상징과도 같은 분입니다.
​
7. 나는 왜 퇴직연금을 DB에서 DC로 바꿨을까?
투자에 입문한 뒤 작동 원리도 모른채(면허도 없이)
운전을 위험하게 하다가 약 5년 정도 방황을 거쳐
마음의 면허(깨달음)를 얻고 이 방법이 진정한 독립을 단축 시키는 길임을 깨달았기 때문입니다.
​
이제 방황 끝에 연 배당금 10백만원을 달성했습니다.
10년 뒤에 다시 돌아보면 의미가 있을 것 같습니다.
​
10년 후 쯤이면 목표의 50~80%사이에 가
있지 않을까요?
​
참고글(문헌)
​
1. 육제님의 당신의 퇴직금은 안녕하십니까?
2. 저의 게시글 (퇴직금DB를 DC로 바꿀 결심)
3. 저의 게시글 (입문계기)
4. 단검이론, 워런버핏 주주서한 중
5. 내면적점수판 링크
6. 버핏클럽 이건번역가님 글 일부(2019년주주서한, 2018년 Q&A, 그레이엄도드마을의 탁월한 투자자들)
7. 모건하우절 인터뷰(유투브 링크)
8. 로널드리드 기사(2015.02.15 머니투데이)
9. 강방천 인터뷰(2025.04.10 뷰어스)
​
제 주변 분들은 제가 버핏과 멍거의 열렬한 팬임을 알고 있으나 왜 그렇게 존경하는지는 사실 알 수 없을 것입니다.
​
제 와이프와 유치원생 딸 조차 제가 버핏 추종자라는걸 알고 있습니다 ㅎㅎ
​
그러나 언젠가 이 글을 읽게되면 이해하게 될까요?
​
PS. 이 글은 투자추천글이 아닙니다.
저는 버크셔주주총회처럼 삶의 지혜를 토론하고자 할 뿐입니다. 버핏클럽 추천글 또한 아닙니다.
수 많은 실패를 하더라도 계속 학습하며
다음 실패때는 조금 덜 잃고 앞으로 나아갈뿐입니다.
​
10년 뒤에는 지금 보다 더 현명해져 있을거라 확신합니다.
​
버핏이 언젠가 아지트자인을 영입한게 최고의 투자라고 했습니다. 아지트자인이 합류하기 전 버크셔 보험부문은 황야를 헤매고 있었다고 했습니다.
​
저는 비슷하게 말해보면 지금 와이프랑 결혼한게 최고의 투자라고 생각합니다. 저보다 현명하고 저의 잘못을 바로잡아 준 덕분이라고 생각합니다.
​
버핏은 특히 결혼을 잘해야 한다고 강조 합니다
(자신보다 현명한 사람으로 자기 주변을 둘러싸는것에 해당하며 결혼이 제일 중요 하다고함)
​
멍거 또한 죽기전 마지막 인터뷰에서 20대에 아이를 낳고 사는 것이 어쩌면 30대 중후반에 결혼하는 것보다 더 삶을 일찍 배우고 성장하게 된다고 했는데요
​
저는 결혼과 육아를 적극 추천합니다.
자신보다 현명한 가장 가까운 사람을 늘릴 수 있는
가장 좋은 방법입니다.
​
​
​","가치투자연구소
2025.04.27.",카페명 없음,날짜 없음,https://cafe.naver.com/vilab/266589?art=ZXh0ZXJuYWwtc2VydmljZS1uYXZlci1zZWFyY2gtY2FmZS1wcg.eyJhbGciOiJIUzI1NiIsInR5cCI6IkpXVCJ9.eyJjYWZlVHlwZSI6IkNBRkVfVVJMIiwiY2FmZVVybCI6InZpbGFiIiwiYXJ0aWNsZUlkIjoyNjY1ODksImlzc3VlZEF0IjoxNzUwNzQ3Mjc4NjY4fQ.7tRPv_1bGhQZy82SDduHe8-QDVZMgrlQZqIbSg7gXqA
3,20대에 연금계좌를 시작하며..(개인연금? 퇴직연금?),"​
20대 후반, 연금계좌에서 첫 매수를 시작했다. 사실 처음봤을때 굳이 이 나이에 연금을 시작해야하기도 하고..제도 자체도 꽤나 복잡하게 느껴졌었는데 어느 정도 공부를 하고 나서 연금계좌를 시작한 이유와 제도에 대해 글을 써본다.
출처: 한투증권 뱅키스
현재 우리나라의 연금제도는 국민연금, 개인연금, 퇴직연금이 있다. 국민 연금은 전국민이 의무 가입을 해야하고 개인연금과 irp로 알려진 퇴직연금은 선택사항인데 국민 연금만으로는 노후 대책에 대한 한계가 있어 보완할 수 있는 제도라고 보면 된다.
​
국민연금은 그냥 뭐 선택 사항이 없는 문제니까 자동가입으로 패쓰..
​
개인연금은 개인 자율에 따라 가입하는 상품으로 신탁, 펀드, 보험 등 다양하게 가입할 수 있다. 완전히 자율적인 선택이기 때문에 위험자산도 100%까지 편입이 가능하다.
​
퇴직연금은 회사가 근로자에게 지급할 퇴직급여를 금융회사에 맡기는 것인데 확정급여형(DB형), 확정기여형(DC)형, 개인형 퇴직연금(IRP) 중 선택이 가능하며 요즘은 자유롭게 운용이 가능한 irp를 대부분 하는 추세이다. 아마 최근 액티브 펀드에 실망한 개인투자자들이 대거(기존 금융사에 맡긴 퇴직연금의 수익률이 굉장히 저조하다고 한다.)직접투자를 하는 추세와 무관하지 않다고 본다. 다만 irp는 위험자산을 70%까지만 편입할 수 있고 최소 30%를 안전자산으로 편입해야 한다.
​
연금매수를 시작한 제일 큰 이유는세액 공제 혜택이다.
출처: 한투증권 뱅키스
출처: 한투증권 뱅키스
​
개인연금과 퇴직연금을 합쳐 최대 700만원까지 세액공제 혜택이 있어 본인도 연간 이정도 수준의 연금계좌를 운용할 계획이다. 굳이 매매나 인출이 자유롭지 않은 연금계좌를 한도까지 채울 필요는 없는 것 같다.
여기서 핵심은 본래 주식계좌에서 부과되는 해외주식형 ETF에 대한 15.4%의 배당소득세가 연금계좌에서는 연금소득세3.3%~5.5%로 대폭 낮아지며 이것도 당장 내야되는 것이 아니라 나중에 연금을 수령할때 내는 것이기 때문에 가장 큰 혜택이라고 보여진다.
반대로 국내주식형 ETF는 본래 세금이 없는데 연금계좌에서는 해외주식형 ETF와 마찬가지로 연금수령시 연금소득세를 부과한다. 연금계좌로 국내주식형 ETF를 할 이유는 없어보인다.
​
출처: 한투증권 뱅키스
​
다만 개인연금과 퇴직연금 모두 공통적으로 레버리지, 인버스, 선물 등의 파생상품은 매수할 수 없다.
출처: 한투증권 뱅키스
출처: 한투증권 뱅키스
연금계좌를 점점 많이 하고 있는 추세임을 알 수 있으며 연금계좌의 ETF 상위 매수 목록을 살펴보면 대부분 해외지수 관련 ETF임을 볼 수 있다. 이는 위에서 말한 세액공제 혜택 떄문으로 보인다.
​
너는 어떻게 운용할건데?
연금계좌는 최소 10년에서 길게는 2~30년, 그 이상 운용해야 하는 계좌이다. 고심 끝에 내린 결론은 개인연금 월 33만원, 퇴직연금 월25만원으로 각각 400만원, 300만원에 해당하는 최대 세액공제가능 금액까지 자동이체를 걸고, 개인연금은TIGER 미국S&P500 100%비중, 퇴직연금은 TIGER 미국나스닥100 70%, ARIRANG미국장기우량회사채30%를 가져가기로 하였다.
​
근거는
①최대한의 세금 혜택을 위한 해외주식형 ETF
②연금계좌에서는 매도를 할 생각이 없다. 매수하는 자산을 10년 이상 장기간 모아갈 예정이기 때문에 특정 섹터가 아니라 지수를 사야 한다.
③다우가 아닌 S&P500과 나스닥을 선택한 이유는 다우존스30 지수는 최근에도 액슨 모빌이 퇴출된 것처럼 편입되는 기업의 숫자가 적어 S&P500이 미국 경제를 더 대표하는 지수라고 생각한다. 또한 나스닥은 기술주 중심의 지수로 닷컴버블처럼 어느정도 변동성과 리스크에 노출되 있지만 현재 내 나이를 감안했을때 이정도 리스크를 감수하고 다우존스보다 더 높은 수익률을 추구할 수 있다고 보았다.
​
다만 아쉬운 것은 이렇게 장기간 모을 주식은 그냥 자동매매를 걸어놓고 잊어버려야 되는데.. 연금계좌에서 펀드매매가 아닌 ETF는 직접 매달 매수를 해야된다는 것이 단점인듯 하다.
​
기타로 월 적립식으로 모아놓을 만한 자산을 고려중인데.. 연금자산을 통한 미국 지수외에는 비트코인, 달러예금 정도를 생각하고 있다. 중장기적으로 좋게 보고 있는 금은 포트폴리오에서 운용하고 있으므로 제외하고.. 최근 미국의 대선 불확실성과 달러 패권에 대한 의문 등으로 인해 '미국시장도 이제 끝난거 아니냐'는 말이 많지만 다음 그림..
​
'젊은 버핏'이라고 불리는 퍼싱스퀘어캐피털 CEO 빌 애크먼의 최근 인터뷰로 글을 마친다. 현재 금리와 성장면에서 달러의 약세가 예상되고 또 중국과 같은 신흥국으로 자본이 빨려나가면서 향후 미국 경제에 대한 불안감이 없지 않냐는 질문(현재 미국보다 중국이 금리와 성장면에서 유리하다)에'미국 시장이 현재 예측할 수 없는 대통령(트럼프..)이나 코로나 사태 등 불안한 요인이 많아보이지만 지난 수십년간 그래왔듯이 앞으로도 시장 경제 논리에 의해 효율적으로 돌아가는 곳이 미국 시장이고(아마 중국의 사회주의 체제를 염두한듯) 그런 곳에서 끊임없는 혁신과 미래를 주도하는 기업들이 미국에서 나올 것이라고 믿기 때문에 본인은 대부분의 자산을 달러로 가지고 있음에도 전혀 불안하지 않다'라고 대답하였다.","가치투자연구소
2020.10.09.",카페명 없음,날짜 없음,https://cafe.naver.com/vilab/169890?art=ZXh0ZXJuYWwtc2VydmljZS1uYXZlci1zZWFyY2gtY2FmZS1wcg.eyJhbGciOiJIUzI1NiIsInR5cCI6IkpXVCJ9.eyJjYWZlVHlwZSI6IkNBRkVfVVJMIiwiY2FmZVVybCI6InZpbGFiIiwiYXJ0aWNsZUlkIjoxNjk4OTAsImlzc3VlZEF0IjoxNzUwNzQ3Mjc4NjY4fQ.i8JN7wntngkeD0ai4RopxYkxbBywg-wIj0SluCa_ao8
4,6월 2일 기사분석 [年 2%대 퇴직연금 수익률…AI가 대신 굴렸더니 20% 훌쩍],"📍기사분석 양식
✅ 날짜 : 6월 2일
✅ 헤드라인(기사제목) : 年 2%대 퇴직연금 수익률…AI가 대신 굴렸더니 20% 훌쩍
✅ 언론사 : 한국경제
✅ 기사 링크 :https://n.news.naver.com/article/newspaper/015/0005139260?date=20250602
✅ 기사 주요 키워드 3가지 : 로보어드바이저, AI, 퇴직연금
✅ 기사 세 줄 정리 : 퇴직연금 수익률은 은행 예금 금리의 수준이다. 또한 투자를 하는 건 쉽지않다. 하지만 AI가 운용하는 로보어드바이저가 좋은 대안이 될 수 있다.
✅ 새로 알게 된 경제용어 :
- RA:  'Robot+adviser'의 합성어 / 빅데이터, 알고리즘 등에 기반하여 컴퓨터 프로그램을 활용하여 자동적으로 포트폴리오의 자문이나 운용서비스를 제공하는 온라인 상 자산 관리서비스
- IRP: 개인형퇴직연금제도 / 취업자가 재직 중에 자율로 가입하거나 퇴직 또는 이직시 받은 퇴직급여를 계속해서 적립, 운용 할 수 있는 퇴직연금 제도
✅ 나에게 미칠 영향 : 현재 '2030이 노인이 되었을 때 국민연금을 받을 수 있는가'라는 질문에 아무도 확실하게 yes라고 대답해주지 않는다. 그런 점에서 20대인 나의 노후자금은 내가 더욱 신경써서 준비해야한다고 요즘 깊이 깨닫고 있다. 그런 시점에서 로보어드바이저라는 좋은 방법을 이용하는 것도 하나의 대책으로, 노후를 고민하는데 한가지 대안이 더 추가 될 수 있겠다.","돈워리비리치
3주 전",카페명 없음,날짜 없음,https://cafe.naver.com/mahte/460?art=ZXh0ZXJuYWwtc2VydmljZS1uYXZlci1zZWFyY2gtY2FmZS1wcg.eyJhbGciOiJIUzI1NiIsInR5cCI6IkpXVCJ9.eyJjYWZlVHlwZSI6IkNBRkVfVVJMIiwiY2FmZVVybCI6Im1haHRlIiwiYXJ0aWNsZUlkIjo0NjAsImlzc3VlZEF0IjoxNzUwNzQ3Mjc4NjY4fQ.Nqxiu8GJL4ibvn1qFCBQ0T2BG0cOqp1af5MpLts2NL0
5,주식을 반대하는 예비신부 설득할 수 있을까요?,"안녕하세요.
30대 예비 신랑입니다.
고민이 있어 글을 남기게 되었습니다.
​
결혼을 준비하고 있는데, 여자친구와는 솔직히 다툴 일이 별로 없었습니다
음식, 생활패턴, 성격 등 웬만한 것들 잘 맞고, 만나면 웃을 일이 너무나 많습니다.
그러나 하나 맞지 않는 것이 있는데 그게저축하는 방법(투자)입니다.
​
<현재 저축방법>
저 -  적금 70만원, 연금저축 50만원(월), 퇴직연금 25만원(월), 20만원 단기채권, 10만원 CMA(파킹) / 여윳돈(상여금 등) 생기면 직투(SCHD) 투자 등
​
여자친구 - ONLY 예적금
​
물론 저의 미래도막막하긴 하지만
미래의 아들딸들이 살아갈 한국은 더욱 더 살기 막막하다고 생각됩니다.
저희 부모님 또한 저한테 손벌리기 싫다고 하셔서 아끼고 아껴, 노후대비를 어느정도 해놓으셨습니다.
저도 미래의 아들딸들한테 손벌리기도 싫고, 부모부양 말고도 살기 막막할거라 생각이 들기 때문입니다.(세금증가, 인구 고령화 등등)
​
그래서 미래대비를 위한 연금저축, 퇴직연금, 채권 등을 하며 노후 대비 및 목돈 마련을 하고 있고, 미래를 함께할 여자친구에게도 권유도하기도 하고 장단점을 설명해주기도 하였습니다. 그런데 여자친구가 너무나 완강합니다. 솔직히 벽이랑 이야기 하는 것 같다는 생각이 들기도 합니다. 사실 맞는 부분도 많지만 서로 다른 모습으로 살아왔기때문에 이것 말고도 맞춰나갈 것들이 무궁무진하다고 생각이 됩니다. 투자하는 방법 또한 결혼생활을 하면서 조금씩 맞춰나가면 되지 않을까 생각하였지만. 이부분이 해결되지 않으면 여자친구는 식장에 들어갈 수 없다고 하네요. 저도 이 이야기를 하면 에너지 소모도 크코 힘들어서 헤어질 생각도 하고 있습니다.
​
저는 주식을 오래한 건 아니지만 20대 초부터 아르바이트로 번 돈을 넣기도 하고.. 꾸준히 10년정도 하고 있었습니다. 그렇게 한 덕분에 신혼집을 구하는데 무리 없이 구할 수 있었고, 계속 이렇게 하고 싶었습니다.
​
사실 결혼을 해서도 생활비를 제외하고 따로 나가는 돈이 거의 없어 저는 적금을 줄이고 직투 비중을 더 늘리고 싶었지만, 주식을 싫어하기 때문에 그 정도까지는 바라지도 않습니다. 근데 웃긴건... 여윳돈이 생기면 금 같은건 있으면 좋겠다고 하네요ㅎㅎ 거기다가..퇴직연금(DC)의 운용방법도 예적금 형태로 바꾸었으면 좋겠다고까지 하네요 ㅎㅎ;
​
여기계신 회원분들 중에서
혹시 비슷한 상황에 계시거나... 설득에 성공하시거나 아니면 이로인해 헤어지신 분들이 있는지 궁금해서 글을 적습니다.
​
사실 지인들한테 말하기는 부끄럽고... 머리도 너무 복잡해서 글을 좀 적으면 나아질까 싶어서 두서없이 글을 적었습니다ㅎㅎ 읽어주셔서 감사합니다. 모두 성투하세요!","배당 투자자 모임
2025.02.18.",카페명 없음,날짜 없음,https://cafe.naver.com/divclub/21753?art=ZXh0ZXJuYWwtc2VydmljZS1uYXZlci1zZWFyY2gtY2FmZS1wcg.eyJhbGciOiJIUzI1NiIsInR5cCI6IkpXVCJ9.eyJjYWZlVHlwZSI6IkNBRkVfVVJMIiwiY2FmZVVybCI6ImRpdmNsdWIiLCJhcnRpY2xlSWQiOjIxNzUzLCJpc3N1ZWRBdCI6MTc1MDc0NzI3ODY2OH0.5EGcVRIBxc_M_GgagqX-Id7dEj2YFu9KK_biwnkr0gI
6,"노후준비자금, 언제부터 어떻게 준비해야 할까!!?","노후준비자금, 언제부터 어떻게 준비해야 할까?
“노후”라는 단어는 막연하게 먼 미래처럼 느껴질 수 있지만, 어느새 현실로 다가오는 시점이 있습니다. 과거와 달리 평균 수명이 길어지고, 기대수명 100세 시대에 접어들면서 은퇴 이후의 삶은 20년, 길게는 30년 이상 지속됩니다. 하지만 많은 사람들이 노후를 체계적으로 준비하지 못한 채 맞이하고 있습니다. 오늘은 노후준비자금에 대해 언제, 어떻게 준비해야 하며, 얼마 정도가 필요한지 구체적으로 살펴보겠습니다.
​
노후준비자금이란?
노후준비자금이란 은퇴 후 정기적인 소득이 없어진 상황에서도 기본적인 생활을 유지하고, 의료비와 여가활동 등 삶의 질을 유지하기 위해 필요한 자금을 말합니다. 일반적으로 은퇴 후에는 근로소득이 끊기고, 국민연금이나 개인연금, 임대소득 등으로 생활을 이어가야 하기 때문에 사전에 자산을 축적해 두는 것이 핵심입니다.
​
노후자금, 얼마가 필요할까?
노후자금은 개인의 소비 성향, 가족 구성, 건강 상태, 주거 형태 등에 따라 천차만별입니다. 하지만 통계청과 금융감독원 등에서 제시한 평균적 수치를 기준으로 살펴보면 다음과 같습니다.
​
월 생활비 기준: 1인 기준 약 130만 원 ~ 180만 원, 부부 기준 약 250만 원 ~ 300만 원
​
필요 자산 총액: 평균 은퇴 시점인 60세부터 90세까지 30년간 매달 250만 원을 지출한다고 가정하면, 약 9억 원 정도가 필요합니다.
​
하지만 국민연금, 퇴직연금, 개인연금 등을 통해 일부 소득이 발생한다고 가정하면, 실제 필요한 준비 자산은 약 3억 ~ 5억 원 수준으로 줄어들 수 있습니다.
​
노후준비는 언제 시작해야 할까?
노후준비의 핵심은 ‘시간’입니다. 20대 후반이나 30대 초반에 시작한다면, 적은 금액으로도 복리 효과를 극대화할 수 있습니다. 반면 50세 이후에 시작하면 준비 기간이 짧아져야 하므로 더 많은 금액을 매달 저축해야 하는 부담이 커집니다.
​
30세에 시작: 월 30만 원씩 30년간 적립 시 연 5% 수익률 기준 약 2.5억 원
​
50세에 시작: 월 100만 원씩 10년간 적립 시 약 1.5억 원
​
이처럼 빠르게 시작할수록 적은 돈으로 더 많은 노후자금을 확보할 수 있습니다.
​
노후자금 준비 방법
노후준비는 단순히 저축만으로는 부족합니다. 아래 4가지 자산 유형을 조합해 전략적으로 준비하는 것이 효과적입니다.
​
1. 국민연금
가장 기본이 되는 공적연금으로, 만 18세 이상부터 의무 가입합니다. 월 소득의 9%를 납부하고, 일정 기간 이상 가입하면 60세부터 연금을 수령할 수 있습니다. 장기적으로 안정적인 수입원이지만, 단독으로는 충분한 노후자금이 되기 어렵습니다.
​
2. 퇴직연금(IRP 포함)
퇴직 시 수령하는 퇴직금을 일시금으로 받을 수도 있지만, 퇴직연금 계좌로 운용하면 세제 혜택과 복리 효과를 누릴 수 있습니다. IRP(개인형 퇴직연금)는 연간 최대 700만 원까지 세액공제가 가능하며, 장기 투자를 통해 은퇴 자산을 키울 수 있습니다.
​
3. 연금저축
연금저축펀드나 연금보험 등은 개인이 자유롭게 가입할 수 있는 사적 연금으로, 연간 400만 원까지 세액공제 혜택이 있습니다. 특히 연금저축펀드는 펀드 상품에 투자하므로 기대 수익률이 높고, 10년 이상 장기 적립하면 연금 수령 시 저율 과세로 이점이 있습니다.
​
4. 개인 자산 (부동산·주식·현금성 자산)
자녀 독립 후 남은 주택을 활용한 주택연금, 임대수익, 주식 배당금, 예적금 등은 노후 생활을 보다 풍요롭게 해줄 수 있는 보완 수단입니다. 다만 부동산의 경우 유동성이 낮아 실생활 자금으로 활용하기 어려울 수 있으니 비중 조절이 필요합니다.
​
노후준비 시 유의할 점
인플레이션 반영
현재 기준으로 자산을 계산하면 부족할 수 있습니다. 연평균 2~3%의 물가상승률을 감안하여 자산 목표를 설정해야 합니다.
​
의료비와 장기요양 대비
나이가 들수록 의료비 지출이 급격히 증가합니다. 실손의료보험이나 장기요양보험 등도 함께 고려해야 합니다.
​
소득 대비 지출 관리
노후에는 갑작스러운 소득 창출이 어려우므로, 불필요한 지출을 줄이고 고정 지출 구조를 단순화하는 것이 중요합니다.
​
수익률보다 리스크 관리 우선
노후자금은 반드시 안전성이 수익성보다 우선되어야 하므로, 50대 이후에는 위험자산 비중을 점차 줄이는 포트폴리오가 적합합니다.
​
마무리하며
노후는 누구에게나 예외 없이 찾아오는 삶의 한 과정입니다. 하지만 그 준비는 철저히 개인의 몫입니다. 막연한 불안감보다는, 지금 당장 자신의 재무 상태를 점검하고 가능한 범위 내에서 실천하는 것이 중요합니다. 매달 일정 금액을 저축하고, 국민연금과 사적연금을 병행하며, 복리의 힘을 빌려 10년, 20년 후를 대비한다면 은퇴 후 삶도 훨씬 안정적이고 품위 있게 맞이할 수 있습니다.
​
노후준비는 결국 습관입니다. 지금 이 순간이 바로 미래의 나를 위한 투자 시점입니다. 하루라도 빨리 시작하는 것이 가장 좋은 전략입니다.","채무플랜-직장인/주부/서민/아파트론/대환/사잇돌/저금리/대출
5일 전",카페명 없음,날짜 없음,https://cafe.naver.com/citylifefan/117146?art=ZXh0ZXJuYWwtc2VydmljZS1uYXZlci1zZWFyY2gtY2FmZS1wcg.eyJhbGciOiJIUzI1NiIsInR5cCI6IkpXVCJ9.eyJjYWZlVHlwZSI6IkNBRkVfVVJMIiwiY2FmZVVybCI6ImNpdHlsaWZlZmFuIiwiYXJ0aWNsZUlkIjoxMTcxNDYsImlzc3VlZEF0IjoxNzUwNzQ3Mjc4NjY5fQ.e5ktZeSkB6yUgrn3Qu4WPwvwvIloGiVEsaT1LL0TYSk
7,"<1기> 10주 1일차 [납품단가연동제, 전고체배터리, 타깃데이트펀드(TFD), 디폴트옵션, 확정기여형]","성공확언
나는 끈기와 인내를 가지고 끝까지 해낼 것입니다.
​
https://www.mk.co.kr/today-paper/view/2022/5203335/
[단독] 당정 ""다주택자 양도세 완화 검토""…보유세 이어 거래세도 낮춘다
성일종 정책위의장 인터뷰 여당, 기재부와 개선방안 논의
www.mk.co.kr
1. 납품단가연동제
원사업자와 하청업체 간 하도급 거래 과정에서 원자재 가격이 변동할 경우 이를 납품단가에 자동으로 반영하는 제도
​
https://www.mk.co.kr/today-paper/view/2022/5203336/
日은 앞서고 中에 쫓기고…K배터리, 샌드위치 신세
中 `1회 충전 1천㎞ 주행` 고급형 배터리 개발 승부수 日은 안전성 높인 제품 사활 혼다·닛산에 1500억엔 투자 韓 미래시장서 뒤처질 판
www.mk.co.kr
​
2. 전고체 배터리
리튬이온 배터리에서 쓰는 전해액을 고체 전해질로 전환한 것
발화 위험을 낮춰 안전성이 높은 것은 물론 에너지밀도가 높아 주행거리를 획기적으로 늘릴 수 있음.
​
https://www.mk.co.kr/today-paper/view/2022/5203338/
""연령따라 알아서 투자비중 조정"" 생애주기형 펀드에 美 MZ 열광
퇴직연금 선진국 미국을 가다 美 20대 퇴직연금 자산 중 절반 이상이 TDF에 투자 ""증시 빠져도 장기수익률 탄탄""
www.mk.co.kr
​
3. 타깃데이트펀드(TFD)
펀드 가입자의 은퇴 시기에 맞춰 주기적으로 포트폴리오를 조정해 운용하는 펀드로, 생애주기별 맞춤 투자가 가능하다는 장점이 있음.
​
4.  디폴트옵션(사전지정운용제)
가입자가 직접 운용할 수 있는 퇴직연금이 운용 지시 없이 방치되고 있으면 회사와 근로자가 사전에 지정한 방법으로 운용되도록 하는 제도
​
5. 확정기여형 퇴직연금
사용자가 부담하는 퇴직 연금 적립금은 사전에 확정하되, 근로자가 퇴직 후 지급받는 퇴직 연금 급여는 적립금 운용 실적에 따라 변동하는 형태의 퇴직 연금 제도.
​
오늘도 감사한 하루^^","[평생교육원] 리치맘 라이프
2022.06.27.",카페명 없음,날짜 없음,https://cafe.naver.com/grit3050/2468?art=ZXh0ZXJuYWwtc2VydmljZS1uYXZlci1zZWFyY2gtY2FmZS1wcg.eyJhbGciOiJIUzI1NiIsInR5cCI6IkpXVCJ9.eyJjYWZlVHlwZSI6IkNBRkVfVVJMIiwiY2FmZVVybCI6ImdyaXQzMDUwIiwiYXJ0aWNsZUlkIjoyNDY4LCJpc3N1ZWRBdCI6MTc1MDc0NzI3ODY2OX0.LXu7N-bwINuSDoLC3ObG_no6145CsemiMkNC7EY7R9M
8,"퇴직연금 etf추천 받아보고싶은데,,,,,","퇴직연금 etf추천 받아보고싶은데,,,,, 보험사꺼말고 etf로 하는게 좋다고해서요
어디서 알아봐야할지 고민하다가 머니트렌드 알게되서 문의드려보는건데요
혹시 퇴직연금 etf추천 받을수 있을까요? 검색해봐도 어려워서 이해가 잘안되요,,,,
여러가지 혜택이 있는것같아서 퇴직연금 etf추천받아 지금부터 잘 알아보고싶은데요
20대후반인데 제 나이에 할수 있는걸로 퇴직연금 etf추천 부탁드려봐요,,,,","[머니트렌드] IFA 재무설계/자산관리/재테크/보험리모델링상담
2024.01.04.",카페명 없음,날짜 없음,https://cafe.naver.com/bisml/31445?art=ZXh0ZXJuYWwtc2VydmljZS1uYXZlci1zZWFyY2gtY2FmZS1wcg.eyJhbGciOiJIUzI1NiIsInR5cCI6IkpXVCJ9.eyJjYWZlVHlwZSI6IkNBRkVfVVJMIiwiY2FmZVVybCI6ImJpc21sIiwiYXJ0aWNsZUlkIjozMTQ0NSwiaXNzdWVkQXQiOjE3NTA3NDcyNzg2Njl9.2eb55wd-lGTAe1Dzv93C81Q7a7LmxGUHMZGOKrL3sU8
9,현재 만 31세 나의 은퇴계획,"본인을 어필 할 수 있는 사진 1장 혹은 본인 사진 (본인사진이 아니여도 됩니다.)
현재 연령대는?만31 10년차 직장인
​
언제 은퇴를 하고 싶으신가요?
월급이라는 족쇄에서 경제적 자유가된시점 이미 내삶의 우선순위가 바뀐시점이 은퇴시점
50세 은퇴 목표
​
어떤 은퇴를 준비하고 계신지 구체적으로 적어주세요.
​
10대 20대 초반 가난이 원동력이 되었고 대학도못가서 학점은행제로 학위취득하여 평범하게 남들 다가는 2011년도 당시 대학도 못간 부족한 인생을 살았습니다. 알바부터 시작해서 빡세게 살았던거같네요
​
앞으로는 금전적으로는 현재 물가 기준으로 불로소득 월200정도받고 1달에 한번 해외여행 다니는게 목표입니다.
​
은퇴를 목표로하면서 회사는 돈보다는 나의 성취감을 위한 곳으로 보려고합니다. 현재는 기술직이라 무언가 만들거나 개선될때 성취감을 느낍니다 ㅎㅎ
​
과거, 20대 초중반 예적금만하고 1억달성.
​
20대후반 2기 신도시에 30평대 분양받고 실거주 1채 아파트 디딤돌(체증식) 대출끼고 달성.
등기후 안전한 적금보다는 공격적인투자로 전환
이때부터 월급받으면 생활비, 취미생활, 여행 자금 빼고 예금대신 달러로 환전(1100원대부터 환전시작)
​
현재, 아직 30대라는 상황을 이용 공격적인 투자중(4년전부터시작한 미국주식 60%, 현금40%)
1. 가진것은적고 빚은 억단위니 아직은 회사의 노예
2. 양도소득세 제하고 월배당 100달러 달성.
- MO 380주(분기 372$, 월 124$)
- SPY  10주 (분기 15$, 월 3.5$)
- O 30주 (월 7.5$)
- VZ 10주(분기 6.7$, 월 1.5$)
- TQQQ 분할매수 단타로 차익 실현 -> 차익금 배당주로 전환
- 10000$ 연금리 4.75% RP 운영
- 적립식 SCHD 1~2주씩 매수
3. 주택담보대출은 30년 만기 고정금리 2.7%(월70상환)여서 당분간은 조기상환 않고 주식으로 자산 투자
4. 퇴직연금 DC형, 개인연금 ISA는 모두 나스닥 ETF 연동형 펀드에 투자.
​
40세까지 10년내 목표, 월배당 1000불, 직장생활 유지하기, 건강한 체력 유지
공격적인 투자 -> 배당주 위주로 포트폴리오 변경
제2외국어, 직장보다는 나라는 개인을 위한 삶을 얻는것
​
50세 아직모르겠음, 주택담보대출 청산 정도입니다.
​
**주의) 제목에 ""가입인사드립니다."" ""등업시켜주세요"" 와 같이 무성의한 제목은 글 삭제 됩니다","은퇴 후 50년 [시니어·실버·노후·귀농·모임]
대표
2024.04.29.",카페명 없음,날짜 없음,https://cafe.naver.com/dlxogns01/179522?art=ZXh0ZXJuYWwtc2VydmljZS1uYXZlci1zZWFyY2gtY2FmZS1wcg.eyJhbGciOiJIUzI1NiIsInR5cCI6IkpXVCJ9.eyJjYWZlVHlwZSI6IkNBRkVfVVJMIiwiY2FmZVVybCI6ImRseG9nbnMwMSIsImFydGljbGVJZCI6MTc5NTIyLCJpc3N1ZWRBdCI6MTc1MDc0NzI3ODY2OX0.Vs2IJSoKbFGFKM4Q8WiiiF8qQSeiny27o3ofTJaR2mw
10,하나은행퇴직연금 상품 집중 분석: 나에게 맞는 연금 찾기,"하나은행퇴직연금 상품 집중 분석: 나에게 맞는 연금 찾기
​
안녕하세요! 하나은행퇴직연금 상품을 분석하고 계신다면, 함께 나에게 딱 맞는 연금 상품을 찾아보는 것이 어떨까요? 함께 찾아보면 더욱 신중한 결정을 내릴 수 있을 테니, 함께 이 글을 시작해보도록 해요. 함께 다양한 연금 상품을 살펴보며, 당신에게 가장 적합한 선택을 찾아나갈 수 있도록 도와드리겠습니다. 함께 시작해볼까요?
​
하나은행퇴직연금 상품 집중 분석: 나에게 맞는 연금 찾기
​
1. 하나은행 퇴직연금이란?
​
하나은행 퇴직연금은 고객들이 퇴직 후 안정적인 생활을 할 수 있도록 도움을 주는 상품입니다. 이는 퇴직 시점에서 고객이 저축한 금액을 정해진 기간 동안 분할하여 지급하는 방식으로 운영됩니다. 하나은행 퇴직연금 상품은 다양한 종류와 조건으로 제공되며, 개인의 특성과 우선순위에 따라 선택할 수 있습니다.
​
2. 퇴직연금 상품의 다양한 종류
​
하나은행에서 제공하는 퇴직연금 상품에는 주로 세 가지 종류가 있습니다. 첫 번째로는 정액식 연금으로, 매월 일정한 액수를 받을 수 있는 형태입니다. 두 번째로는 변액식 연금으로, 연간 수익률에 따라 지급액이 변동됩니다. 마지막으로는 종신연금으로, 퇴직 후 생명보험과 연계하여 일정 시점까지 연금을 받을 수 있습니다. 이러한 다양한 종류의 퇴직연금 상품은 고객들의 다양한 요구에 맞춰져 있습니다.
​
​
​
​
3. 하나은행퇴직연금 주요 특징
​
하나은행의 퇴직연금 상품은 많은 장점을 가지고 있습니다.
​
첫째, 안정적인 수익성을 제공하여 고객들이 퇴직 후에도 안정적인 생활을 유지할 수 있도록 도와줍니다. 둘째, 세제 혜택을 받을 수 있는 경우가 많아 세금 부담을 줄일 수 있습니다. 셋째, 가입 절차가 간단하고 유연하게 선택할 수 있는 다양한 상품이 제공됩니다.
​
4. 퇴직연금 상품 선택 시 고려해야 할 요소
​
퇴직연금 상품을 선택할 때에는 몇 가지 요소를 고려해야 합니다.
​
첫째, 개인의 퇴직 시기와 목표 금액에 맞는 상품을 선택해야 합니다. 둘째, 수익률과 수수료를 고려하여 투자 전략을 수립해야 합니다. 셋째, 상품의 안정성과 금융회사의 신뢰도를 확인해야 합니다. 이러한 요소들을 종합적으로 고려하여 나에게 가장 적합한 퇴직연금 상품을 선택할 수 있습니다.
​
5. 연령대별 퇴직연금 선택 가이드
​
연령대에 따라 퇴직연금 상품을 선택하는 방법이 달라질 수 있습니다. 예를 들어, 20대의 경우에는 장기적인 시간동안 저축을 할 수 있는 정액식 연금이나 변액식 연금을 선택하는 것이 유리할 수 있습니다. 반면에 50대의 경우에는 퇴직까지 남은 시간이 적기 때문에 안정적인 수익률과 보장된 월 지급액이 중요한 종신연금을 선택하는 것이 좋습니다.
​
​
​
​
​
6. 하나은행 퇴직연금의 장점과 단점
​
하나은행 퇴직연금 상품은 다양한 장점을 가지고 있지만, 일부 단점도 고려해야 합니다. 장점으로는 안정적인 수익성과 다양한 상품 선택의 폭이 있습니다. 단점으로는 투자 시장의 변동성에 따라 수익률이 달라질 수 있다는 점과 일부 상품의 해지나 중도 해지 시 일정한 수수료가 부과될 수 있다는 점입니다.
​
7. 퇴직연금 수익률 높이는 팁
​
하나은행 퇴직연금의 수익률을 높이기 위해서 몇 가지 팁을 알아두면 좋습니다.
​
첫째, 투자 전략을 세우고 전문가의 조언을 듣는 것이 중요합니다. 둘째, 연간 리밸런싱을 통해 포트폴리오를 최적화하고 수익률을 극대화할 수 있습니다. 셋째, 정기적인 모니터링과 리뷰를 통해 상황에 맞게 조정하는 것이 필요합니다.
​
8. 하나은행퇴직연금 가입 절차 및 주의사항
​
하나은행 퇴직연금에 가입하기 위해서는 몇 가지 절차와 주의사항을 따라야 합니다. 먼저, 하나은행의 고객센터나 온라인을 통해 상담을 받고 가입 신청을 합니다. 다음으로, 필요한 서류를 제출하고 계약을 체결합니다. 가입 후에는 정기적인 납입을 유지하고 연금 지급이 시작되면 안정적인 생활을 위해 관리를 철저히 해야 합니다.
​
하나은행 퇴직연금은 고객들에게 안정적이고 신뢰할 수 있는 연금 상품을 제공합니다. 다양한 종류의 상품과 유연한 가입 절차로 고객들의 다양한 요구에 부합하며, 안정적인 수익성과 세제 혜택을 제공합니다. 하지만 퇴직연금 상품을 선택할 때에는 개인의 특성과 목표에 맞게 신중하게 선택해야 합니다. 올바른 선택과 관리를 통해 나에게 맞는 퇴직연금 상품을 찾아보세요! 🌟
​
​
​
​
​","주담피아[주택담보대출/아파트담보대출/오피스텔담보대출]
2024.07.08.",카페명 없음,날짜 없음,https://cafe.naver.com/goalkeeps/88773?art=ZXh0ZXJuYWwtc2VydmljZS1uYXZlci1zZWFyY2gtY2FmZS1wcg.eyJhbGciOiJIUzI1NiIsInR5cCI6IkpXVCJ9.eyJjYWZlVHlwZSI6IkNBRkVfVVJMIiwiY2FmZVVybCI6ImdvYWxrZWVwcyIsImFydGljbGVJZCI6ODg3NzMsImlzc3VlZEF0IjoxNzUwNzQ3Mjc4NjY5fQ.I3lsm457BqRfPnnK-80DBhPPL3KflBzUe1DrZctl_3o
11,포트 공유 및 투자 계획 update (24/4/23),"안녕하세요!
배당왕을 꿈꾸는 33세 유부남입니다!
계속 닉네임을 바꿨는데 이거로 정착하려 합니다.
변경 된 포트와 투자 계획 공유드리니
평가 및 의견 주시면 감사하겠습니다!
​
1. 현재 포트폴리오
- 타미당 8, QQQ 2 비율로 하는 중인데 퇴직연금이 들어와버리는 바람에 비율이 무너져 있습니다.
-Ace 엔비디아 혼합 채권은 조만간 매도 후 tiger top10 혼합 채권으로 변경 예정입니다.
​
2. 투자 계좌 및 투자 방식
​
저는 절세 계좌를 적극 활용 예정으로 아래와 같이 진행 중에 있습니다.
- 연금 저축 펀드 (3000) = 본인 및 와이프.
타미당, 타미7%
- IRP (600) =본인 및 와이프.
KODEX 미국나스닥100TR, top10 혼합채권
- 퇴직연금DC= 본인
KODEX 미국나스닥100TR, top10 혼합채권
- 이후 돈이 남는 경우 ISA 최대치로 투자 예정
아마 직투까지 할 돈은 없을 듯 싶네요
- 1년에 최소 3600만원 이상은 투자하는게 목표입니다
​
3. 투자 계획 및 포트 비중 변경
​
포트 비중은 아래와 같이 변경하려 합니다.
변경 이유는 상승장, 하락장, 보합장에서 유리함이 있도록 하기 위함입니다. (물론 채권도 넣어야 좋지만, 혼합채권내에 있는거로 만족하려 합니다.. 비중은 낮지만..)
- 타미당 = 75%
- 타미당 7% = 10%
- 나스닥100+ top10혼채 = 15%
​
나름의 이유입니다.
​
상승장
-타미당 상승 75% Win
-타미7 소폭 상승 (리밋 있음) 10% Win
-QQQ 상승 (리밋 없음)  15% Win
​
하락장
-타미당 방어 75% Normal
-타미7 배당금으로 방어 10% Win
-QQQ 하락 15% Lose
(타미 7로 방어)
​
보합장
-타미당 배당금으로 방어 75% Normal
-타미7 배당금으로 상승 가능 10% Win
-QQQ 횡보 유지 15% Normal
.
​
4. 상기의 변경 포트로 저리 대출 2억5천 대출시
투자한 포트폴리오
(연저펀 isa irp를 풀로 넣은 원금 입니다)
27년 3월이 되면 하기와같은 포트가 되며
배당재투자, 주가 상승은 미반영이며 원금 기준입니다.
배당금도 나름 1400만원이상 나오기에 만족스럽게 꾸준히 투자를 이어나갈 수 있을 것 같습니다.
.
​
계획은 세웠으니 이제 실천하기 위해 열심히 저축을..
해보고 대출도 알아봐야겠네요...
​
그럼 전 이만..
​
다음 update는 원금이 6000만원 됐을때 찾아뵙겠습니다!","배당 투자자 모임
2024.04.23.",카페명 없음,날짜 없음,https://cafe.naver.com/divclub/10882?art=ZXh0ZXJuYWwtc2VydmljZS1uYXZlci1zZWFyY2gtY2FmZS1wcg.eyJhbGciOiJIUzI1NiIsInR5cCI6IkpXVCJ9.eyJjYWZlVHlwZSI6IkNBRkVfVVJMIiwiY2FmZVVybCI6ImRpdmNsdWIiLCJhcnRpY2xlSWQiOjEwODgyLCJpc3N1ZWRBdCI6MTc1MDc0NzI3ODY2OX0.hPDn-KLcIwqJ9TNWELd5cmYqVFWkpA5quKXiCYUB1UY
12,사회초년생 퇴직연금준비 어떻게 해야할까요?,"이번에 취업에 성공한 20대 중반 사회초년생입니다.
다름이아니라 사회초년생 퇴직연금준비 어떻게 해야할까요?
다른재테크보다 노후준비 할하는게 제일 효율적이라
생각해서 사회초년생 퇴직연금준비를 잘해보고싶어요
저희 부모님 보니깐 젊으실때부터 퇴직연금준비 잘해두셔서
은퇴후에도 어려움없이 생활하시더라구요
근데 또 부모님때하고 지금은 다르니깐 제가 어떻게 준비를
해야할지 모르겠는데요 어떤 재테크나 투자방법들이 있는지
알고싶어요","[머니트렌드] IFA 재무설계/자산관리/재테크/보험리모델링상담
2023.11.06.",카페명 없음,날짜 없음,https://cafe.naver.com/bisml/30617?art=ZXh0ZXJuYWwtc2VydmljZS1uYXZlci1zZWFyY2gtY2FmZS1wcg.eyJhbGciOiJIUzI1NiIsInR5cCI6IkpXVCJ9.eyJjYWZlVHlwZSI6IkNBRkVfVVJMIiwiY2FmZVVybCI6ImJpc21sIiwiYXJ0aWNsZUlkIjozMDYxNywiaXNzdWVkQXQiOjE3NTA3NDcyNzg2Njl9.085USZLbxAgg-iliaAHSw-8RXTaA8KCbv95sOqwCzS0
13,"현재 마포 1주택보유, 현금 10억원 투자처 문의","50대이며 20대 두딸이 있습니다
앞만보고 달려오다보니 곧 은퇴입니다 ㅠ
현재 마포에 아파트 1세대 보유중인데, 별생각없이 은행에 현금 10억원이상이 잠자고 있습니다
​
최근 이건 아니다 싶어 마이키의 스마트한 님들게 여쭤봅니다
​
이런 상황이라면 10억원을 어떻게 활용해야 할까요?
(애들 결혼자금 예치 이런건 빼구요)
많은 의견주시면 참 크나큰 도움이 되겠습니다
감사하겠습니다","마이키_마포에서 아이 키우기
대표
2025.02.07.",카페명 없음,날짜 없음,https://cafe.naver.com/mapomommy/1339636?art=ZXh0ZXJuYWwtc2VydmljZS1uYXZlci1zZWFyY2gtY2FmZS1wcg.eyJhbGciOiJIUzI1NiIsInR5cCI6IkpXVCJ9.eyJjYWZlVHlwZSI6IkNBRkVfVVJMIiwiY2FmZVVybCI6Im1hcG9tb21teSIsImFydGljbGVJZCI6MTMzOTYzNiwiaXNzdWVkQXQiOjE3NTA3NDcyNzg2Njl9.fNU5Mw_e8UqZ0ZazYdN9p16PJUF1ZwTHhQfj_I0r0u0
14,대한민국 연금제도,"안녕하세요!! 글로벌금융서비스의 모든 것,
PNF글로벌입니다.
오늘은 대한민국 연금제도에 대해
알아보도록 하겠습니다.
우리나라 연금제도의 종류
우리나라 연금제도는 누구나 의무로 가입해야 하는
국민연금부터 직장인 퇴직연금(DB/DC),
그리고 개인적으로 운용할 수 있는
IRP, 연금저축계좌 등 다양합니다.
다른 것들은 관여할 수 있는 부분이 적기 때문에
우선, 나라에서 세액공제 혜택까지 주면서
적극적으로 가입권유를하고 있는
IRP와 연금저축펀드에 대해 알아봅시다.
​
1. IRP(개인퇴직연금)+연금저축펀드
사실상 대부분 연금마련을 위한 제도로 활용하기 보다는
세액공제의 혜택(최대 연 1,485,000원) 때문에
가입하시는 분들이 많습니다.
하지만 섣불리 가입했다가는
손해를 볼 수 있으니 유의해야 합니다.
​
만약 55세 이전에 해지 혹은 연금으로 미수령시
그동안 혜택 받아온 금액을 일시불로 반납해야 하고,
설사 연금으로 수령하더라도 추후에
연금소득세(3.3%~5.5%)든
개인종합과세로 적용됩니다.
당장에 세금을 안 낸다고 좋아할 부분이
전혀 아니랍니다.
​
실제로 연금의 중요성때문에 가입하신 분들 또한
과세이연의 혜택을 최대한 활용하기 위해서는
투자 수익률이 관건인데
스스로 포트폴리오를 구성하고 운영해야 한다는 점과
노후자산이기 때문에 안정적으로 운용을 하기 때문에
실제 연수익률은 2% 남짓인 실정입니다.
​
​
2. 연금저축보험 : 변액연금
​
연금저축계좌의 하나로 보험사에서 판매하는
연금보험이 있는데,
현재는 주로 펀드로 구성되고 수익률에 따라
연금액이 달라지는 변액연금이 대세입니다.
변액연금은 해마다 발전하여 현재는
단리 연 8% 최저보증을 해 주는 상품도 존재합니다.
무엇보다 비과세라는 가장 확실한 장점이 있는
연금상품이긴 하지만
그만큼 사업비를 많이 떼어 호불호가 있습니다.
​
3. 결론
​
나라에서 관제하는 IRP,연금저축펀드와
보험사에서 판매하는 연금상품도 좋지만,
장단점이 극명히 존재합니다.
장점을 극대화하고 단점을 최소화 할 수 있는 방법은
해외 선진 금융시스템에서 찾을 수  있습니다.
​
​
배당을 받으면서도 적립금액이 무한정으로 늘어나는
구조의 배당연금상품은 해외는 존재합니다.
35세 기준 배당금+해지환급금 등 총 수령하는  금액은
납입금액 $15,000 기준1,712%입니다.
연령에 따라 20대~40대 기준 환급율은
약1,000% ~ 2,800%입니다.
​
오늘은 대한민국 연금에 대해 설명드렸습니다.
연금은 우리에게 너무나 소중한 자산입니다.
국내에만 국한하지 마시고 많은 정보를 취합하여
보다효율적인 노후 설계를 하시는 것을 추천합니다.
문의사항은 카페 게시판 댓글 문의, 쪽지,
카톡채널문의, 전화 등 다양하게 요청해 주세요.
신속한 답변 드리도록 하겠습니다~
​
​
'PNF는 주장하지 않습니다.
증명해 드립니다.'","부산맘카페ㅣ부산맘 북구강서맘 김해양산맘 휴대폰성지 아동병원
대표
2024.11.29.",카페명 없음,날짜 없음,https://cafe.naver.com/busanmam/576347?art=ZXh0ZXJuYWwtc2VydmljZS1uYXZlci1zZWFyY2gtY2FmZS1wcg.eyJhbGciOiJIUzI1NiIsInR5cCI6IkpXVCJ9.eyJjYWZlVHlwZSI6IkNBRkVfVVJMIiwiY2FmZVVybCI6ImJ1c2FubWFtIiwiYXJ0aWNsZUlkIjo1NzYzNDcsImlzc3VlZEF0IjoxNzUwNzQ3Mjc4NjY5fQ.8cfmgWqxKAlm8tCCIeIQbjjrZPMF0Js_uo28IJjyp2A
15,[구인] 경호E&C 정규직 직원 채용공고(신입~3년 이하),"↑ 상단의 공지를 숙지했습니까? (네)
❚A.회사소개
1.회사명
(주)경호이엔씨
2.근무지
서울 송파구 송파대로167(문정테라타워B동) 1403~1404호(※문정역과 직접 연결)
3.회사규모
도시계획15명/회사전체17명
❚B.모집내용
1.응모자격
도시계획 관련 학과 졸업,자격증 소지자 우대,도시계획 관련 업무 경력자
2.모집기간
공고일부터 채용완료시까지
3.전형방법
1차 서류심사, 2차 면접심사(※소정의 면접비 제공)
4.채용인원
정규직0명(신입~3년차 미만)
5.제출서류
이력서(○)자기소개서(○)경력기술서(○)포트폴리오( )
※ 첨부된 이력서 파일 작성 및 경력기술서(직접 수행 프로젝트LIST(자유양식))
❚C.급여수준 및 근로계약 조건
1. 1년간 급여합계
(또는 계약연봉)
-사원1년차(경력 만0년) : 4,100만원
- 대리1년차(경력 만3년) : 5,000만원
※ 상기 연봉을 기준으로 경력사항 및 연차 등을 고려하여 협의 후 확정합니다.
2.계약연봉에 포함된
항목(V체크)
퇴직연금 적립(○),점심식대(○),시간 외 근로수당(○),명절 및 정기상여금(○),합사수당( ),기타(직접입력)
3.시간외근로수당
지급기준
식대 및 교통비 별도 지급
4.직전년도 급여 외
인센티브 지급여부
(V체크)
없음(○), 1개월 급여 미만( ), 1개월 급여 이상( )
5.기타 복리후생
-자유로운 연차 사용:징검다리 휴일 공동연차 적용
※직원들 대부분 연차를 거의 다 사용하나,개인의사에 따른 잔여연차는 정산하여 연차수당으로 지급
-회사 소유 콘도 사용(소노계열 모두 가능)및 콘도이용 개인부담금50%회사 지원
예시)회사콘도1박(60만원)사용시:회원가(20만원)→ 회사지원50%적용 → 개인부담금10만원
-출장시 회사 차량 이용 및 식대 지원
-명절선물 및 경조사비 지급
- 생일자 포상(년20만원)
-상시 다과 및 음료 제공
-장기근속자 포상(5년(금일봉), 10년(순금한냥 상당), ~)
❚D.회사 안정성
1.재정상황
양호
2.최근5년간 임금
체불(합계)개월수
없음(※2005년1월 창사이래 임금체불 없음)
❚E.주요 업무
1.주요 수행
업무유형(V체크)
공공발주도시계획(○),민간발주도시계획(○),기타 도시계획관련업무( )
2.입사시 수행할 업무
(프로젝트 위주 서술)
공공업무(도시관리계획재정비,도시및주거환경정비기본계획,리모델링기본계획 등)
민간업무(재개발/재건축 등 정비사업 및 빈집법 관련 민간사업,도시개발사업 등)
❚F.근무환경
1.소정근로시간
주5일/ 9시~18시
2.채용부서/팀 연장·야간·휴일근로 분위기
-서울 및 수도권내 정비사업,모아타운 등 민간사업을 주로 수행하며,팀별로 수도권 지자체
공공용역도 수행하고 있어 다양한 업무를 접하고 배울 수 있습니다.
-실무팀별40대 팀장을 주축으로20대 사원부터30대 과·차장급으로 구성되어 있으며,
-끈끈한 가족적인(?)관계도 좋지만,그보다 각자 본인 역할을 잘하면 되는 회사입니다.
-급한 업무 외 불필요한 야근은 지양하며,공식적인 회식은 연 1~2회이내입니다.
❚G.문의/이력서 제출
인사담당자:김상무010-9161-3615
이메일: deep0322@daum.net
홈페이지(구인/구직사이트 포함) : www.kyonghoenc.com
❚H.기타사항
-우리 회사는 회사와 구성원들의 지속가능성에 대해 늘 고민하고 있으며, 2005년 회사창립 이후20년간 단1건의 임금체불
도 없는 회사입니다.
-많은 지원 부탁드리며,궁금한 사항이 있으시면 담당자에게 문자 또는 이메일로 연락부탁드립니다.
​
​
​","공생계(공유가치를 생각하는 도시계획가들의 모임)
2025.03.28.",카페명 없음,날짜 없음,https://cafe.naver.com/urbanpl/37619?art=ZXh0ZXJuYWwtc2VydmljZS1uYXZlci1zZWFyY2gtY2FmZS1wcg.eyJhbGciOiJIUzI1NiIsInR5cCI6IkpXVCJ9.eyJjYWZlVHlwZSI6IkNBRkVfVVJMIiwiY2FmZVVybCI6InVyYmFucGwiLCJhcnRpY2xlSWQiOjM3NjE5LCJpc3N1ZWRBdCI6MTc1MDc0NzI3ODY2OX0.64YxIXqBKrkyZWO8ghhGbdQv0ACvCop-zd-hQZ9s6Mg
16,자체보험 목적으로 운용하는 ISA 계좌 1년차 운용현황,"안녕하세요? 20대 후반 직장인입니다.
​
저는 작년 4월부터 매월 일정금액씩 ISA 계좌로 미국 지수 ETF를 담고 있습니다. 엄밀히 따지면 1년차 성과보고는 아니고, 1년 + 2개월 성과 보고가 되겠군요(타이밍을 놓쳤습니다^^). ISA 계좌를 운용하는 목적은 이상하게 들리실 수도 있지만, 자체적인 보험을 만들기 위해서 입니다. 여기서 자체적인 보험이란 3대 질병(암, 심혈관, 뇌혈관) 진단비 보험을 대신하는 것을 의미합니다.
굳이 보험을 안드는 이유
사실 저도 실비 보험(4세대)과 운전자 보험은 갖고 있습니다.둘이 합쳐 13,000원 내외라 저렴하기도 하고, 특히 실비보험은 활용도가 매우 높다고 생각하기 때문입니다. 그러나 3대 진단비 질병 보험이나 다른 보험들(정기/종신, CI, 기타 여러 특약)은 불필요하다고 판단했습니다.
​
그 이유는 두 가지입니다.
첫 번째, 제가 아직 젊습니다.다소 과거 데이터이긴 하지만 2014~2019년 급성심근경색과 뇌졸중 발생 통계를 본 적이 있습니다. 연령별 발생인원 수를 보니, 50대 이상이 87~88%였습니다. 암의 경우에는 1999~2019년까지 전체 발생자 중 45세 이상이 85% 였습니다. 확률이라는 것이 맹신할 수 없다지만, 그래도 건강관리(운동, 식단 등) 꾸준히 하면 2,30대 젊을 때 병에 걸릴 가능성은 더 희박하다고 판단했습니다.
​
두 번째, 직장의 의료비 복지를 믿습니다.다행히 회사 복지 중 3대 질병에 대해 1,000~2,000만 원 정도의 진단비 단체보험이 있습니다. 또한 급여항목 실비에 한해 연간 2,000만 원 한도 지원(단체 보험과 별개)이 되더군요. 물론 퇴사하거나, 권고사직 당하면 끝입니다만.. 당장 잘리진 않겠죠..?
​
여하튼 여러 가지 상황이 겹쳐 굳이 보험을 들 필요가 없다고 판단했습니다.
운용 성과
실질적 1년에 해당하는 '22년 4월 ~ '23년 3월까지의 수익율은 2.88%입니다. 많이 미약하네요.
다행히 3월 이후에 꽤 많이 올라주었습니다. 5월 말 기준으로 원금 대비 15% 정도 입니다.
​
포트폴리오는 DC형 퇴직연금 계좌(https://cafe.naver.com/vilab/232336)와 마찬가지로 심플합니다. 앞서 말씀드렸듯이 미국 지수 ETF를 기계적으로 매수하고 있습니다. S&P500 보다 나스닥100 비중이 훨씬 높습니다. 포트폴리오가 심플한 이유는 직장인으로서 포트폴리오 관리에 시간 할애를 최소화하기 위해서 입니다.
​
메인 계좌를 운용하기에도 시간이 모자라서 퇴직연금이나 ISA 계좌는 그냥 미국 지수 ETF에 올인하였습니다.
만약 연평균 9%의 수익율을 올릴 수 있다면 40세 이전 2700만원 가량, 45세 즈음에는 4,000만 원 이상의 평가액이 생길 것으로 봅니다. 물론 하필 제가 병에 걸려서 목돈이 필요한 순간과 폭락장이 겹쳐서 이도저도 아닌 상황이 발생할 수도 있습니다. 상상만 해도 끔찍합니다. 그런 일이 벌어지지 않기만을 기도해야 겠습니다.
기타 잡다한 끼적임
친한 친구와 연인에게 인생을 너무 리스키하게 산다고 구박을 많이 받습니다. 보험도 실비와 운전자 보험 밖에 없고 순자산 대부분이 미국주식에 있으며, 개인연금과 퇴직연금도 미국주식 ETF에 들어있으니 그렇게 생각할 만도 합니다. 채권이나 예적금 등 안전자산에 대해서도 좀 더 공부해봐야 겠습니다.","가치투자연구소
2023.06.10.",카페명 없음,날짜 없음,https://cafe.naver.com/vilab/232349?art=ZXh0ZXJuYWwtc2VydmljZS1uYXZlci1zZWFyY2gtY2FmZS1wcg.eyJhbGciOiJIUzI1NiIsInR5cCI6IkpXVCJ9.eyJjYWZlVHlwZSI6IkNBRkVfVVJMIiwiY2FmZVVybCI6InZpbGFiIiwiYXJ0aWNsZUlkIjoyMzIzNDksImlzc3VlZEF0IjoxNzUwNzQ3Mjc4NjY5fQ.NOMkRwPXHlWzJoKmfD7L7CNkMgwsagbx2f_w17FC_bI
17,2회차 연금 포트폴리오 계획,"숙제 1. 연금 계획 : 포트폴리오 계획 세우기
​
✅ 퇴직연금이 있나요? (DB/DC)
아직 없습니다. 내년 4월부터 DC형퇴직연금이 발생합니다.
✅ 국민연금/주택연금(필요한 분만) 예상 연금액 확인하기
국민연금 예상수령액 확인했습니다.
​
- - - - - - - - - - - - - - - - - - - - - - - - - - - - - - - - - - - - - - - -
​
✅ 포트폴리오 투자 계획 세우기
​
○ 포트폴리오 비주얼라이저 확인하기
○ 적립식 or 일시납 : 적립식
​
○ 적립 일정 및 금액 : 매달 25일 / 월50만원(내년 6월부터 월100만으로 증액)
​
○ 포트폴리오 구성 소개
주식40% / 채권35%(10년채15%+30년채20%) / 금5% / 원자재7.5% / 미국외선진국7.5% / 신흥국5%
: 올웨더 포트폴리오와 글로벌포트폴리오를 섞어 구성해보았습니다.
올웨더에서 주식의 비중은 조금 늘리고 채권, 금의 비중은 줄여 글로벌포트폴리오의 구성요소였던 미국외선진국과 신흥국에 비중을 할당해 다양한 자산에 분산하는 효과를 노려보았습니다.
​
○ ETF 비교해서 고르기
- 주식 40%  (RISE 미국S&P500(30%)+ SOL미국나스닥100(10%))
- 채권 35% (히어로즈 국고채30년액티브(20%) + RISE 국고채10년액티브(15%))
- 원자재 7.5%KODEX WTI원유선물(H) 선택
​
- 금 5%TIGER골드선물(H) 선택
​
- 미국외선진국 7.5%KODEX선진국MSCI World 선택
- 신흥국 5%
숙제 2 : 계획한 ETF 매수 인증샷
매수주문은 예약을 걸어놨고 매수하여 다시 인증하겠습니다~
​","안지향 평생교육원 (안전지향 재테크)
2024.12.04.",카페명 없음,날짜 없음,https://cafe.naver.com/financesummary/99068?art=ZXh0ZXJuYWwtc2VydmljZS1uYXZlci1zZWFyY2gtY2FmZS1wcg.eyJhbGciOiJIUzI1NiIsInR5cCI6IkpXVCJ9.eyJjYWZlVHlwZSI6IkNBRkVfVVJMIiwiY2FmZVVybCI6ImZpbmFuY2VzdW1tYXJ5IiwiYXJ0aWNsZUlkIjo5OTA2OCwiaXNzdWVkQXQiOjE3NTA3NDcyNzg2Njl9.1EbyuVoSY3RxViAbfBNzapC8lZr0FZ5kZlCjNv56WVw
18,간단한 투자 근황 및 안부 인사 드립니다.,"안녕하세요.
3월도 중간까지 왔네요.
투자관련해서는 별로 쓸 이야기도 없지만
살아가는 이야기라도 서로 나누면 좋을 것 같아서 적어봅니다.
​
​
2월에는 10년간 기다렸던 재건축 아파트로 입주도 했습니다.
너무 오래 기다리기도 했고, 돈만 계속 들어간 애물단지라고 생각했는데
막상 이렇게 이사오니 새 집이 좋긴 좋네요.
10년간의 기다린 경험이 마냥 좋지는 않았지만
어찌되었든 지금은 저를 은퇴까지 시켜준 고마운 투자가 되었습니다.
​
​
배당 투자는 계속 하고 있고, 꾸준히 안정적인 수익을 주고 있습니다.
연금저축은 처음 계획대로 사계절 포트폴리오를 유지했으면 괜찮았을텐데, 성장주를 좀 일찍 정리했더니
제가 주식 투자한 것 중에 가장 실수한 투자 같습니다.
ACE미국배당 ETF와 울트라30년으로 앞으로 금리 하락을 기대하는 포트로 변경해서
기다리려고 하고 있지만 결과가 어떨지는 모르겠습니다.
​
퇴직연금IRP는 배당주로 했더니 오히려 안정적으로 조금씩 자산이 늘어나고 있어서 계속 유지중입니다.
​
ISA는 금융소득 종합과세에 걸려서 기간 연장도 안되고, 신규도 안됩니다.
​
올해는 주식투자보다는 비트코인 수익이 더 크게 날 것 같습니다.
목표치는 채우지 못했지만, 제가 할 수 있는 만큼 최선을 다해서 모았다고 생각합니다.
오늘도 추가 매수를 하면서 이번이 마지막이다.. 생각했습니다.
​
제가 배당주 말고는 투자를 잘 안하게 되서 단점을 보완해보고자
토스에서 18개 종목을 매일 1만원씩 자동 매수하는 프로젝트를 강제로 하고 있는데
오르는 종목도 있고, 떨어지는 종목도 있습니다.
어느덧 한달이 지났고, 결과는 5년정도 모아보고 판단하려고 합니다.
​
22,23년을 보내면서 너무 겁을 낸 것 같아서 24년은 저도 수익을 좀 임팩트 있게 내고 싶어서
좀 공격적으로 투자를 했습니다.
안하던 방법이라 저도 올해의 결과가 무척 궁금합니다
​
​
​
작년에는 서유럽 3개월 배낭여행 하고 왔었는데
올해는 동유럽으로 3개월 떠납니다.
2주 정도 남은 것 같네요.
​
저로서는 투자보다도 더 어렵습니다.
경험이 적은 것들은 어려운게 당연하겠지만요.
​
​
​
얼마전 소풍이라는 영화를 봤는데요.
노후준비까지는 했는데,
생각해보니, 어떻게 늙어갈 것인가도 많이 생각해봐야겠구나 라는 생각이 듭니다.
​
2년후에는 마당이 있는 집에서 살면서 잘 늙어가고 싶고,
죽음은 영화 '인생후르츠'에 나오는 할아버지 처럼
잘 살아가면서 가고 싶다라는 꿈이 있습니다.
​
​
​
​
​","월급쟁이 재테크 연구카페(예금,적금,펀드,보험,CMA,주식,경매)
대표
2024.03.13.",카페명 없음,날짜 없음,https://cafe.naver.com/onepieceholicplus/4852120?art=ZXh0ZXJuYWwtc2VydmljZS1uYXZlci1zZWFyY2gtY2FmZS1wcg.eyJhbGciOiJIUzI1NiIsInR5cCI6IkpXVCJ9.eyJjYWZlVHlwZSI6IkNBRkVfVVJMIiwiY2FmZVVybCI6Im9uZXBpZWNlaG9saWNwbHVzIiwiYXJ0aWNsZUlkIjo0ODUyMTIwLCJpc3N1ZWRBdCI6MTc1MDc0NzI3ODY2OX0.O6nYhXCVVq2SzcAEGaCDOI6E6ORrSzuQIFEQDOujEIM
19,너나위님과 함께한 재테크 기초반 라이브 코칭 후기 [재테크기초반 1기 서포터즈 출동=3 히말라야달리],"​
안녕하세요
재테크 기초반 1기
히말라야달리입니다:)
​
​
2년간 월부를 수강하며
너나위님 라이브 코칭은
처음이라
두근두근 너무 기대가 되었는데요
​
아...
심지어 라이브 코칭 전에
이런 플러팅 문자까지….💕
ㅋㅋㅋㅋㅋㅋ
​
어떻게 이 문자를 보고 안가요ㅋㅋㅋㅋㅋ
​
​
​
시작부터
튀어나온 꽁지머리가 신경쓰이는 너나위님ㅋㅋㅋㅋ
댓글에 계속뷰티 유튜버냐고😆
ㅋㅋㅋㅋㅋㅋㅋ
나중에는 누가
거뭇거뭇한 수염이 자라나는게
신경쓰인다고 해서
면도하고 오겠다고 하셨는데
또 댓글에서
본인 자산도 너나위님 수염처럼 쑥쑥
자랐으면 좋겠다고ㅋㅋㅋㅋㅋ
이게 부동산 강의인지
예능인지 모를정도로
너무 웃겼습니다ㅋㅋㅋㅋㅋ
​
꽁지머리야 안녕~
📕 기억에 남는 것들
✔️ 수업 때 부족했던 것들 한판 정리!!
​
이번 재테크기초반 강의가
""1기""라 그런지
과제부터 강의 내용까지
놀이터에도
혼란스럽고 모르겠다는 질문들이
넘쳐났는데요
​
​
어떤 분은 이것 때문에 스트레스 받아서
다이소 가서
만원 탕진하셨다고ㅋㅋㅋㅋㅋ
(아 정말 1기 분들 너무 웃겨요ㅋㅋㅋ)
​
​
사실 퇴직연금 DC에
예금으로 두고 있었던 사람....
저구요?ㅎㅎㅎ
강의를 듣고 뭔가 바꾸긴 해야 하는데
잘 모르겠어서
일단 라이브 코칭을 기다려보자..!😵😵😵
하고 2주를 기다린
보람이 있었습니다ㅎㅎㅎ
​
​
통장쪼개기, 연금저축, 보험, 신용카드,
4,50대의 재테크,
월부 듣지 않는 배우자 설득하기,
종잣돈 어디에 등등
​
​
덕분에 강의 들으며
온전히 이해하지 못하고 남아있던 것들이
정말 말끔히 해소되어 좋았습니다👍
코칭 들으며
실시간으로
퇴직연금도 포트폴리오 만들기 완료!
​
​
아마 2기부터는
이 내용들이 수업에 많이 보충이 되지 않을까
그럼 라이브코칭은 또다른 이야기들로
얼마나 알찰까
부럽기도 하고 기대도 됩니다ㅎㅎㅎ
​
​
​
✔️ 현업 → 소득 → 지출 → 저축 → 베타 → 알파
​
앞의 것부터 잘 쌓아 올라가야
결국 우리가 하려고 하는 투자(=알파)를 잘 할 수 있다
​
​
60만원을 모은 사연자분의 아이에게
해주고 싶은 이야기부터,
하루 용돈 1000원인 딸 이야기까지
​
​
너나위님의 돈그릇이란 이런 거구나
정말 와....하고
감탄만 나오는 대답이었습니다
​
10억이 그냥 만들어지는 게 아니거든요
여러분이 10억을 담을 수 있는 그릇이 되어야
10억이 생겨요
​
단순 10억 달성이 중요한 게 아니라
반대로 내가 그걸 담을 그릇이 되는 사람이
되어야 한다는 것
​
​
'과연 나는 10억 달성해도
여전히 겸손하고 회사 생활 열심히 하면서
착실하게 살아갈 수 있을까?'
​
​
너나위님의 '겸손'을
항상 본받고 싶었는데요
10억 달성하고 주변이 다 우습게 느껴졌던 시간 이후
어떻게 다시 지금과 같이 돌아오셨는지
혹시나 나중에마인드 강의는 생각없으신가요?ㅎㅎ
또 제일 먼저 오프라인 1기로 참여해
달려가고 싶습니다❤️
​
​
​
✔️ 알파투자자의 현실과 과정
욕심과 허탈한 사이 그 어딘가
죄송하지만 액션 플랜은 지금까지 배운 것을 반복하는 것입니다
내가 할 수 있는 걸 한다!!
💚마치며
​
힘들 때
우리의 댓글 하나가 억만금보다 큰
사랑과 격려가 되었다는 너나위님💕
​
​
그 말을 들으면서 문득
1호기를 찾기 직전
순간들이 생각났습니다
​
​
잡힐듯 안잡힐듯
너무너무 힘든 며칠이었는데
그런 상황을 아무것도 모르는 동료들이
남겨준 댓글과
응원의 한마디가
계속해서 무너질 뻔 했던 순간들을
일으켜 주었거든요
​
​
이 작은 후기글이 너나위님께
닿을 수 있을지 모르겠지만
재테크기초반 1기 동료들처럼
진심을 담아 한자한자 적어봅니다
​
​
​
사실
처음 재테크기초반 서포터즈를 신청한 것도
너나위님을
""오프라인""으로 볼 수 있다는 것
때문이었습니다
​
​
3년 전
<월급쟁이 부자로 은퇴하라> 책을 읽고
너나위님의 책에 나온대로
혼자 따라하며
임장 보고서를 쓰고 임장도 갔었는데요
​
​
어느덧 2년동안 월부와 함께하며
직접 책에 싸인을 받고
현장에서 생생하게 이야기를 듣는 시간이
너무나 소중했습니다💛
​
​
​
​
오프라인 강의를 듣고 난 이후
집에와서 진지하게
엄마에게 강의를 추천했습니다.
​
""엄마~
딸래미가 맨날 새벽같이 임장나가고 하는 거
이런 강의 듣고 다니는 건데
다른 부동산 강의는 관심없어도
이건 들어봐바
내가 월부에서 제일 좋아하는 분인데
50대인 엄마한테도 도움될 거 같아~""
​
지난 주말,
엄마와 식탁에 앉아
강의 후기를 서로 나누는데
그 시간들은 너무 행복했습니다ㅎㅎ
""너나위님이 그랬잖아~""
엄마 입에서 너나위님이 나오다니~
너무 어색하기도 하고
공감대가 통하며 나누는 얘기들에
시간가는 줄 몰랐는데요
​
​
이번 라이브코칭이 끝나고
월부 자체가 처음인 수강생분들이
'이렇게 좋을 줄 몰랐다'며
쏟아지는 찬사에
위 모습이 오버랩되었습니다
​
​
월부가 뭐지? 완전 처음인 왕초보부터
몇 년간 이어오는 사람까지,
20대 사회초년생부터
5,60대 은퇴를 앞둔 분들까지,
그 모두를 사로잡게 하는 건
바로 너나위님의 '진심'이 아닐까
다시금 깊게 느끼는 시간이었습니다💛
​
​
​
​
이번에도 어김없이
눈물과 함께한~ㅎㅎ
​
​
4시간동안 소중한 이야기
진심 가득
꾹꾹 눌러담아 전달해주신
너나위님
정말정말정말 감사드립니다!!!
항상 존경합니다💛💛💛
​
​","월급쟁이부자들 (직장인 재테크 부동산 스터디 경매 파이어족)
대표
2024.08.22.",카페명 없음,날짜 없음,https://cafe.naver.com/wecando7/11157618?art=ZXh0ZXJuYWwtc2VydmljZS1uYXZlci1zZWFyY2gtY2FmZS1wcg.eyJhbGciOiJIUzI1NiIsInR5cCI6IkpXVCJ9.eyJjYWZlVHlwZSI6IkNBRkVfVVJMIiwiY2FmZVVybCI6IndlY2FuZG83IiwiYXJ0aWNsZUlkIjoxMTE1NzYxOCwiaXNzdWVkQXQiOjE3NTA3NDcyNzg2Njl9.9Au8VEMZ2FKNjBqPhYphX_RqwCnF-EvCzw4OUXcs6kg
20,(주)그린이앤씨 사원~대리 정규직원 채용공고,"❚A.회사소개
1.회사명
㈜그린이앤씨
2.근무지
수원시 영통구 신원로88, 101동1401호(신동,디지털엠파이어Ⅱ)
(망포역에서 도보7분)
3.회사규모
도시계획11명/회사전체18명
❚B.모집내용
1.응모자격
도시계획 관련 학과 졸업생 및 업무경력자
※도시계획기사·운전면허 보유자 우대,프로그램 활용자 우대(CAD, GIS,포토샵,일러스트, PPT등)
2.모집기간
2024. 10. 24 ~채용시까지
3.전형방법
1차:서류전형/ 2차:면접(서류합격자 면접일정 개별 통보)
4.채용인원
정규직1명:사원~대리(만6년, 7년차 이하)1인
5.제출서류
이력서(O)자기소개서(O)경력기술서(O)포트폴리오(O)
※경력기술서 및 포트폴리오는 경력직에 한해 제출 필요
❚C.급여수준 및 근로계약 조건
1. 1년간 급여합계
(또는 계약연봉)
신입사원4,200만원 ~대리(경력 만3년, 4년차) 4,900만원 ~ ...
※도시계획기사 자격증 보유시 수당96만원/년 별도 지급
2.계약연봉에 포함된
항목(V체크)
퇴직연금 적립( ),점심식대(V),시간 외 근로수당( ),명절 및 정기상여금( ),합사수당( ),교통비(V)
※식대240만원/년,교통비60만원/년 연봉 포함
3.시간외근로수당
지급기준
A타입(6시30분~8시30분) : 1만원
B타입(6시30분~10시30분) : 2만원
특근: 4만원/일
※야근시 석식제공,해당부서 최근2년간 야근·특근2회 有
4.직전년도 급여 외
인센티브 지급여부
없음(O), 1개월 급여 미만( ), 1개월 급여 이상( )
5.기타 복리후생
-연봉 외 퇴직연금 적립(신한은행)
-연말 인센티브 지급(그해 실적에 따라 변동)
-명절상여금,(설,추석 각50만원)
-엔지니어링협회 및 기술인협회 연회비,기본·승급교육비 지원
-생일⋅결혼기념일 등 경조사 상품권 지급
-매달 부서별 호프데이비,매해 상반기 워크샵 지원
-장기근속자 행운의 열쇠(5년단위2~20돈)지급
-단체 상해보험 가입(삼성생명)
-개연연차 자율사용(징검다리 휴일 단체연차사용),창립기념일 대체휴무
❚D.회사 안정성
1.재정상황
안정
2.최근5년간 임금
체불(합계)개월수
해당없음
❚E.주요 업무
1.주요 수행
업무유형(V체크)
공공발주도시계획( ),민간발주도시계획(O),기타 도시계획관련업무( )
2.입사시 수행할 업무
(프로젝트 위주 서술)
산업단지·물류단지, 도시개발사업, 도시군관리계획(지구단위계획, 도시계획시설) 등
※경기도 남부지역 프로젝트 위주로 외근시 30~1시간30분 내외 이동이 대부분이며, 장기 출장 無
❚F.근무환경
1.소정근로시간
주5일 오전8시30분~오후5시30분/매월 둘째주,넷째주 금요일 오후3시 퇴근
2.채용부서/팀 연장·야간·휴일근로 분위기
민간발주 도시계획 업무가 대부분으로 공공발주에 비해 일정조율이 용이해 도시계획위원회 심의 등 불가피한 경우가 아니면 야근은 안하고 있습니다.근무예정인 부서는20대~40대의 남·녀로 다양하게 구성되어 있고 서로 소통하며 일하는 분위기로 쾌활한 분이 지원해 주시면 좋겠습니다.
❚G.문의/이력서 제출
인사담당010-2720-1850
이메일:green030923@naver.com
※이력서 및 경력소개서는 자율양식으로 보내주시되 회사가 아닌 본인이 실제 참여했던 경력 및 업무 위주로 작성부탁드립니다.채용관련 문의는 언제든 환영입니다.
❚H.기타사항
당사는 창립25년이 넘은 건실한 회사로 야근 없는 근무시간과 편안한 분위기로 근무 만족도가 매우 높은 회사입니다.전반적으로 이직률이 낮은 편인데 금회 아쉽게 결원이 생겨 채용공고를 합니다.수원 망포역 도보7분거리에 위치한 지식산업센터에 위치하고 있어 대중교통 이용 및 근무환경이 우수합니다.","공생계(공유가치를 생각하는 도시계획가들의 모임)
2024.10.24.",카페명 없음,날짜 없음,https://cafe.naver.com/urbanpl/37117?art=ZXh0ZXJuYWwtc2VydmljZS1uYXZlci1zZWFyY2gtY2FmZS1wcg.eyJhbGciOiJIUzI1NiIsInR5cCI6IkpXVCJ9.eyJjYWZlVHlwZSI6IkNBRkVfVVJMIiwiY2FmZVVybCI6InVyYmFucGwiLCJhcnRpY2xlSWQiOjM3MTE3LCJpc3N1ZWRBdCI6MTc1MDc0NzI3ODY2OX0.C9P2VE581yGyO_3jpqe0Otzh0MhotUfzvdx0mwyZEVs
21,"250112대화 슈드 수익률계산,돌돌돌 지수투자","원금만 1년에 600만원
1달에 50만원씩
한주에 12만 5천원씩
​
10년 모으면
원금만 6천만원인데
복리효과로 실제 이익은 5~6억원으로
자산이 형성되는 슈드마법
​
불패크루 1기 오프모임으로
가장 핫했던 20대 중반 티큐님은
20년간 꾸준히 모아서 10억을 만든다해도
​
겨우 40대중반
가장 생산능력이 좋을 시기..!
​
슈드가 수비수인 이유와
한살이라도 젊을때 거시경제 알아야하는 EU..
이렇게 되면 사실상
거의 공격수는 무리가 있기 때문에
소득 파이프라인을 늘려서
공격수까지 같이 가져갈 수 있게
​
젊을때 조금 사서 고생하고 N잡하면
내 자녀들도 편하지 않을까..?
​
어떤 투자든
정답은 없지만
그래도 이렇게도 할 수 있다는거 알고있는것과
아에 쌩판 모르고 있는건 차원이 다르기에
​
조금더 포트폴리오 운영에 도움되지 않을까 합니다!ㅎㅎ
​
**K-슈드:타미당 458730
""Tiger 미국배당다우존스""(검색할때 띄워쓰기해야지 검색나온답니다)
​
더이상 나라가 나의 노후를 지켜줄 수 없다는
현실..
​
내지갑은 내가 지켜야..ㅠㅠ
타미당은 보통 퇴직연금이랑 연결된 경우가 많으니
혹시 갖고계실지 모르니
퇴직연금 운용도 다시 점검해보기
이다음에 나온 이야기들
​
청약 얼마하는지/유지하는게 좋은지
​
10년전으로 돌아가면 비트산다, 엔비디아 몰빵한다
​
불패크루 2기는 왜 안했는지
​
미국 화재 수혜주는 무엇인지
​
개별주 괜찮은것
​
줍리다의 코인얘기
​
이러니 저러니 해도
결국 돌고돌고돌아 지수가 최고다
센피대형주(S&P500) 투자가 와따다
​
트럼프와 채고니의 운명
​
오투포 얘기와 크루2기 일지관련 얘기
​
등등등
​
​
사담도 많은데
사담하면서도 꼭 투자관련 얘기로 돌아오는
​
트기한 크루대화방","판교불패 세모시(ETF투자, 부동산, 경제공부, 거시경제)
2025.01.15.",카페명 없음,날짜 없음,https://cafe.naver.com/realestatedrive/5999?art=ZXh0ZXJuYWwtc2VydmljZS1uYXZlci1zZWFyY2gtY2FmZS1wcg.eyJhbGciOiJIUzI1NiIsInR5cCI6IkpXVCJ9.eyJjYWZlVHlwZSI6IkNBRkVfVVJMIiwiY2FmZVVybCI6InJlYWxlc3RhdGVkcml2ZSIsImFydGljbGVJZCI6NTk5OSwiaXNzdWVkQXQiOjE3NTA3NDcyNzg2Njl9.Pic5Mp_mkztVJ-zAxMF-HuZhL_vi-36b14EItxSG7zE
22,[Web발신] 위닝펀드너는나를존중해야한다나는인증글빨리쓰기세계기록보유자로서현재4조조장을맡으며퉁퉁퉁퉁퉁퉁퉁퉁퉁사후르에버...,"​
​
​
​
​
​
​
​
​
​
​
​
​
​
​
​
​
​
​
​
​
제목은 이거 패러디입니다. 스팸 문자 보내는 이상한 사람 아닙니다..
​
​
​
​
​
​
​
여러분 안녕하세요,
기업 탐방 미션 인증글을 맡은
4조 조장 류창선입니다 :)
지난 미션 인증글은 재밌게 읽으셨나요?
저번에는 제가 현생 이슈로
살짝(?) 정신이 나간 상태로 작성해서 그런지
조장답지 못하게 산만한 글을 썼던 것 같습니다 ㅜㅜ
​
​
그래서 이번 달 인증글은
시험도 없고!
무엇보다 5월은 ‘가정의 달’ 아니겠습니까?
엄마아빠할머니할아버지아들딸 그리고 우리 아이까지
모두 읽을 수 있는 전체이용가 인증글을 준비했으니
편안한 마음으로 읽어주셨으면 좋겠습니다 ㅎㅎ
​
​
​
​
​
​
​
​
​
​
​
​
​
​
​
​
​
​
​
아 어떻게 알았지
얼마전
저희 조의 모의투자 수익률이 좋게 나와서
최종 1등에 대한 기대감을 품으며 조원들과 대화를 나누고 있을 때
많은 조원 친구들이 카톡을 읽을 수 있는 상황이어서
바로 기업탐방 장소를 정해보았습니다!
​
​
​
​
​
​
​
​
​
​
​
​
​
어째 몸이 더 안 좋아지는거 같은
기업 선정 과정에서 약간의(?) 해프닝이 있었지만
아무튼 착한 저희 조 친구들이 저의 건강을 위해
열심히 의견을 달아주었습니다 :)
​
​
​
​
​
​
​
​
​
​
​
​
​
​
의견 정리 결과 삼성타운(삼성 계열사) 방문이 가장 선호도가 높아서
강남에 있는 삼성타운에 방문하기로 결정했습니다!
대한민국 1위 기업의 본사에 방문할 생각에
친구들 모두 기대하는 모습이 보여
저도 굉장히 설레는 마음으로 기업탐방 날짜를 기다렸습니다 ㅎㅎ
​
​
​
​
​
​
​
​
​
​
​
​
​
​
​
​
​
아쉽게도 이번엔 중도 형이 참여를 못 하게 되었지만
6명이 모였기에 미션을 진행하는 것에는 어려움이 없을 것 같아 다행이었습니다 :)
지난 번 건대 투어에서는 민선이가 스케쥴 이슈로
참여를 못 했어서 정말 아쉬웠는데
이번에는 참여하게 되어 정말 기쁩니다!
나중에는 완전체로 모여서 가정의 달 5월같이
더욱 화목한 날이 왔으면 좋겠네요
ㅎㅎ
​
​
​
​
​
​
​
​
​
​
​
​
​
​
​
​
​
​
​
​
​
​
​
​
​
​
​
​
​
​
​
​
​
​
​
​
​
​
​
​
​
​
​
쓰-읍
아무리 봐도 이렇게 쓰면
너무 건전하단 말이지
읽다가 겨울잠 자버리겠어
그치 My Winning Friends들?
​
​
형이 한때 경영•경제학회 임원을 했던 사람으로서
위닝처럼 깊이있는 학술 동아리에서는
가끔씩 Toxic한(Just like 마라탕, 펜타닐) 이야기도 있어야
오래오래 열심히 활동할 수 있다고 생각하거든
​
​
그래서 형은 여기서 Image 관리 개나 줘버리고
무슨 테무에서 산거 같은 도라에몽 필터라도 끼면서
Toxic한 분위기를 제공해 보도록 할게
Korea에서 먹고 살기 참 쉽지 않다는걸 요즘 느낀다
​
​
​
​
​
​
아무튼
이렇게 우리 조 기업 탐방은 삼성 타운으로 정해졌는데
개인적으로 형은 삼성 타운이 걸려 굉장히 기분이 좋았다
​
​
​
​
​
​
​
​
​
​
​
​
​
​
​
​
왜냐면 My Home Sweet Home에서 걸어서 20분이면 도착하거든
(+ 삼성라이온즈 팬이라 삼성 관련된거 다 좋아함)
Holy Moly
그동안 Winning 하면서
여의도 충무로 건대 종로 등등
교통비가 굉장히 많이 나왔었는데
드디어 교통비를 절약할 수 있게 되었구만
(물론 후술할 컨텐츠로 돈은 평소보다 더 썼다)
​
​
​
​
​
​
​
​
​
​
​
​
​
​
​
​
​
​
​
​
​
​
​
​
​
​
Welcome To My Home Town
​
분명 일요일 오후 5시에 만나기로 한거 같지만
원래 Korean Time 국룰이잖아?
우리 조는 국룰을 지키기 위해
적당히 50분 정도 늦게 집결해서 만났어
​
​
​
그렇게 기업탐방을 하려고 하는데..
삼성타운 안내 표지를 보면서 뭔가 찜찜한 Feel이 계속 오는거야
'재용이 형 출근을 요즘 수원으로 하지 않나..?'
그래서 내가 아는 삼성전자 본사가 여기인지 확인하기 위해
전문 지식 채널인 나무위키에 검색해봤어
​
​
​
​
​
​
​
​
​
​
​
​
​
​
​
​
​
​
​
​
​
Oh....
'오늘날의 삼성 본사는 수원에 위치한 삼성디지털시티'라고 써있길래
당장이라도 수원으로 지하철 타고 이동해야 하나 싶었거든
근데 더 찾아보니까 2025년에 삼성이 다시 삼성타운 사옥들을 인수하면서
삼성생명이랑 삼성화재, 삼성증권은 본사 사옥을 이곳으로 활용한대
휴~
​
​
​
​
​
​
​
​
​
​
​
​
​
​
​
그리고 삼성생명에 대해서 더 찾아보니까
올해로퇴직연금 적립금 50조원을 달성하며 2025년에도 퇴직연금 시장 점유율 1위를 기록했더라고?
​
KIA~
업계 최고 수준의 연금계리, 계약 관리, 고객 상담 등 전 과정을 디지털화한 시스템덕분인가
많은 Korean 직장인들이 삼성생명의 고객으로 자리잡는거 같네
기업탐방 오길 정말 잘했구만
​
그리고 B동이 삼성SRA자산운용 소유인데
삼성생명이랑 연계해서 확정급여(DB)형 퇴직연금의 경우 고객사별 투자 성향과
퇴직급여 지급 일정을 반영해 포트폴리오를 설계해 준대
형도 나중에 은퇴하면 삼성생명을 애용해야겠는걸?
​
​
​
​
​
​
그리고 방문은 안 했지만
우리 Winning Fund 동아리가 주식에 대해서 Study 하는 동아리잖아?
그래서 삼성증권에서는 좋은 정보가 없나 하고 찾아봤는데
5월 13일에미국발 관세전쟁과 한미 금리 흐름 등을 토대로
향후 예상되는 금리 인하기에 대비해 삼성증권 각 지점장들이 채권 투자 전략을 공유하는
전국 동시투자 설명회를 연대
지점별 우수고객 20여 명 내외를 초청해 진행하는 것은 아쉽지만
보통 이런 정보들은 얼마 안 가서 독금사 및 금융 관련 텔레그램방에 올라오니까
채권에 관심 있는 Winning Friends들은 참고하면 좋을거 같아
​
​
​
​
​
​
그리고 개인적으로 형이 레버리지 ETF를 굉장히 좋아하는데
(그래서 올 블루 클럽 회장인가)
삼성증권에서 기후 변동성을 고려해 천연가스 추종 ETN을 상장한다고 하네
​
​
우리 Winning Friends들은 ETF와 ETN의 차이는 알지?
ETN(Exchange Traded Note, 상장지수증권)​은 파생결합증권의 일종으로
기초지수변동에 수익률이 연동되도록 설계된 원금비보장형 상장상품이야
​
​
즉 증권사가 발행하는 '신용 증권'이기 때문에
투자자에게 받은 돈을 실제로 자산에 투자 해야하는 의무가 있는펀드(ETF)와는 다르다는 점
여기서 알아두고 가면 좋겠지?
운용도ETF는 자산운용사(보통 'F'로 끝나면 자산운용사가 담당)가 하고ETN은 증권사가 운용해
정리하면 대충 이런 차이일듯?
형이 투자론 수업 들으면서 교수님께 배운 내용이니까
인증글 읽으면서 알쓸신잡처럼 알아두고 가면 좋을거 같아
​
​
​
​
​
​
​
​
​
​
​
​
​
​
​
​
​
​
​
나도 여기 취업하고 싶다
아무튼 기쁜 마음에 우리 4조 Family와 삼성생명 본사 사옥 앞에서 사진 하나 찍었어
오늘 날씨가 좋아서 그런지 통유리로 되어있는 건물 모습이 새삼 멋있어 보이더라
형도 Winning 활동 열심히 하면 이렇게 멋진 회사 취업 할 수 있겠지?
​
​
​
​
​
​
​
​
​
​
​
​
​
​
​
​
​
​
​
​
​
​
그런데....
대한민국 1위 기업답게 경비가 굉장히 삼엄하더라고
형이 모처럼 My Family 데리고 와서 삼성 사옥 함 구경시켜 주려고 했는데
일요일이라 그런지 1층 내부도 못 들어가게 하더라
​
​
하
형 고향인 New York Wall St.에 있는 Bank of America는
20대의 찬란한 꿈을 키우기 위해 기업에 방문했다 하면 친절하게 받아주는데
한국도 이런 Open Mind가 있었으면 좋겠어
​
​
​
​
​
​
​
​
​
​
​
​
​
​
​
​
​
​
​
다행히 A동 지하는 강남역이랑 연결되어 있어서 그런지
일반인도 방문할 수 있거든
그래서 A~C동 전체 방문을 못해서 아쉽긴 하지만 A동 지하 1,2층이라도 구경하고 왔어
​
​
​
​
​
​
​
​
​
​
​
​
​
​
참고로 현재 서초구 주민으로서
A동 지하 1층에 있는 매드포갈릭을 굉장히 좋아했거든
가격은 조금 나가지만 강남 왔을 때 한 번쯤은 방문해도 좋으니
삼성타운 놀러오면 고려해보길 바래
​
​
​
아 왜 과거형으로 매드포갈릭 좋아한다고 썼냐고?
​
​
​
​
​
​
​
​
​
​
​
​
​
혹시 이 짤 기억하고 있니
3년 전에 있던 홍수 사태로 유명해진 짤인데
사진 찍힌 곳이 삼성타운에서 5분도 안 걸리는 위치에 있거든
근데 형이 이 날 매드포갈릭에서 저녁을 먹었는데
​
​
​
​
​
​
​
​
​
​
​
​
​
​
​
​
​
여기가 My home 근처라
돌아오니까 집이 물에 잠겨 있더라고
그래서 매드포갈릭만 가면 집이 노아의 방주마냥 잠긴게 떠올라서 그 뒤로 안 갔어
​
​
아무튼 삼성타운 방문을 끝내고 저녁 시간이 되었길래
친구들이랑 어디 가서 저녁을 먹을까 고민을 하다가
형이 중고등학교 친구들 강남 놀러오면 자주 데려가는 가성비 고기집이 있어서
거기로 데려갔어
​
​
​
​
​
​
​
​
​
​
​
​
​
​
​
​
​
​
​
Yee Ya~
고기 때깔 보소
​
​
​
​
​
​
​
​
​
​
​
​
​
​
​
​
​
​
지난 미션글에서도 말했지만
형은 맛있는 거만 보면 꼭 따봉을 날리는 사진을 하나 찍어야 하거든
오랜만에 한 입 먹고 너무 맛있어서
바로 My Family랑 사진 한 장 찍었어
​
​
​
그리고 우리 조의 Chill Guy 준석이 형이
가위바위보 해서 진 사람이 청양고추 먹기 내기하자고 해서
바로 6명이서 게임을 했는데
준석이 형이 걸려서 매운맛 챌린지 하나 찍고 왔어
​
​
​
​
​
​
​
​
​
​
​
​
​
​
​
​
​
​
그리고 지난 번에는 스케쥴 이슈로 먹지 못했던 설빙까지 와서
야무지게 디저트까지 먹어주고 4컷 사진까지 찍고 왔어
​
이거 먹고 9시에 방탈출 다같이 하기로 했는데
우리 조의 Passion Girl A.K.A GMG(가면가) 예원쓰가 과제 마감 이슈로 시간이 없어서
여기서 활동 인증 사진 하나 찍고
나머지 5명이서 방탈출 하러 갔어
​
​
​
​
​
​
​
​
​
​
​
​
​
​
​
​
​
​
​
​
탈출했더니 스토리 기억이 안 나는
​
저번에는 그
짜불성설이었나
약간 '타인은 지옥이다' 드라마 느낌의 스릴러 방탈출을 했다면
이번에는 각 잡고 공포 테마를 해보자! 해서
귀문기담 이라는 방탈출을 하고 왔어
​
​
​
어
후기를 말하자면
형은 그래도 한국 와서 나름 무서운 방탈출 많이 해봤다고 생각하거든?
근데 역시 방탈출 리뷰는 안 보는게 맞는거 같아
중간에 개쩌는 갑툭튀가 있다길래
75분 내내 언제 나올지 모르는 갑툭튀 요소랑 쉐도우 복싱 하고 있었는데
그냥 안 보고 있는 그대로 받아들일걸 하는 아쉬움이 있었어
My Winning Friends들은 방탈출 하기 전에 적당히 테마 소개만 읽고 하길 바랄게
​
​
​
​
기억에 남는 요소가 몇 개 없는데
주인공 생일이 형이랑 똑같아서
문제 풀다가 살짝 소름 돋았다
그러면 안되는데요
아무튼
4조의 기업 탐방기
여기서 끝!
​
​
​
​
​
​
​
​
​
​
​
​
​
​
​
​
​
​
​
​
​
​
​
​
​
*에필로그
오늘 집 와서 바로 방에서 인증글 쓰고 있었는데
엄마가 테무산 도라에몽 얼굴로 찍힌 사진들 보고
‘요즘 학교 다니기 힘들어...?’ 라고 물어본다
굉장히 Embarrassing한 상황이니까
재밌게 읽었음 좋아요랑 댓글 하나씩 부탁한다
​
그럼 형은 다음주 팀플 자료 준비해야 해서
다시 현생 살러 이만
​
​
​
​
​
​
​
​
​
​
​
​
​
​
​
​
​
​
​
​
​
​
​
​
​","위닝펀드
2025.05.12.",카페명 없음,날짜 없음,https://cafe.naver.com/winningfund/38721?art=ZXh0ZXJuYWwtc2VydmljZS1uYXZlci1zZWFyY2gtY2FmZS1wcg.eyJhbGciOiJIUzI1NiIsInR5cCI6IkpXVCJ9.eyJjYWZlVHlwZSI6IkNBRkVfVVJMIiwiY2FmZVVybCI6Indpbm5pbmdmdW5kIiwiYXJ0aWNsZUlkIjozODcyMSwiaXNzdWVkQXQiOjE3NTA3NDcyNzg2Njl9.aQFxbeRbvf4H6f_53-V3ssYOo31oiBKxNt6cVzgcpPk
23,"20대 주린이, 고민이 있습니다 !!!","안녕하세요. 97년생 주린이입니다.
​
눈팅하면서 이런저런 정보 얻고있습니다. 항상 감사합니다.
​
다름이 아니라 투자 전략에 대해서 질문이 있어 글을 남깁니다.
​
운이 좋게도 자리를 빨리 잡아,
달에 고정적으로 투자 가능한 금액이 250만원 정도 됩니다.
또, 1년에 성과금 명목으로 1300만원 정도가 들어오는데, 전부 투자할 예정입니다.
​
정리하자면
월 250만원 고정 투자
연 1300만원 추가 투자
합 연 4300만원 투자 할 예정입니다.
​
​
현재는
- ISA계좌를 취준생 시절에 가입하였기에, 연 납입금액이 많이 쌓여있는 상태입니다. (만기9999년)
​
월고정
ISA - 180만원 (나스닥6/슈드4)
연저펀 - 40만원 (나스닥6/슈드4)
비상금 - 20만원
주택청약 - 10만원
​
성과금
전부 ISA 몰빵 하고 있습니다.
​
​
많은 글을 눈팅한 결과
ISA의무 가입이 끝날때마다 연저펀으로 이전하시고
목돈 같은 경우엔 대부분 연저펀&IRP에 투자하시더라구요.
하지만 저는 결혼 생각이 있고, 근 10년간은 돈이 묶이는게 손해라고 생각이 되어 연금 투자에 소극적인 편입니다.
​
​
즉, ISA만기 후 연저펀 이전을 통한 공제 혜택을 보지 않을 것이기 때문에
​
ISA 해지 -> 재가입 전략이 굳이..? 라는 생각이 듭니다.
물론, 과세이연과 9.9%부과라는 큰 메리트가 있지만
​
연 납입금액 2천만원 / 3년간 해지 불가 / 3년마다 해지 후 재가입 (평단가 상승 ㅜㅜ - 심리적 요인)
​
위 세가지의 이유로 ISA계좌를 굳이 운용해야하는 의문이 계속해서 듭니다.
​
​
물론, 가장 현실적인 방안으로는
ISA 연2천만원 / 연저펀 600만원 / 나머지 금액 직투(qqq/schd)
가 제일 현실적으로 보입니다..
​
​
선배님들 께서는 어떻게 생각하시나요??? 인생선배님들의 조언 부탁드립니다.
​
날이 많이 덥습니다. 오늘도 행복한 하루 보내시고, 긴 글 읽어주셔서 감사합니다 🙂","배당 투자자 모임
2024.08.22.",카페명 없음,날짜 없음,https://cafe.naver.com/divclub/14556?art=ZXh0ZXJuYWwtc2VydmljZS1uYXZlci1zZWFyY2gtY2FmZS1wcg.eyJhbGciOiJIUzI1NiIsInR5cCI6IkpXVCJ9.eyJjYWZlVHlwZSI6IkNBRkVfVVJMIiwiY2FmZVVybCI6ImRpdmNsdWIiLCJhcnRpY2xlSWQiOjE0NTU2LCJpc3N1ZWRBdCI6MTc1MDc0NzI3ODY2OX0.PjPsQY8JhcUSMa39IbjW7RJMYy4EYqF4B-E5b52H5as
24,[안양] 한국종합광고에서 같이 일할 분을 모집합니다,"​
[담당업무]
전반적인 옥외광고 인쇄용 현수막, 배너, 간판, 인쇄물 등의 디자인 작업 입니다
​
​
[근무조건]
* 위치: 경기도 안양시 만안구 안양로 384번길 4 커뮤니티뷰
* 주5일 근무(월~금/ 09:00~18:00)
* 야근이 있기는 하지만 거의 없습니다 (야근비 별도 지급) 칼퇴준수
* 연차,4대보험 있음 (퇴직연금 가입)
* 근무하시는분들이 거의 20대 중후반 30대 초반입니다~ 자기일만 잘하자 위주 입니다
* 점심식사는 같이 먹고 싶을때 같이 먹고 따로 먹고 싶을때 따로 먹습니다 (단체위주 아님)
* 현재는 코로나로 회식이 없어 졌지만 할때도 반년에 한번이나 1년에 한번정도만 합니다 (퇴근 후 빨리 갑시다)
​
​
[자격요건]
*학력: 무관
*경력 :무관
*연봉 2500이상(협의가능)
​
​
[지원방법]
* 연락처: 010-8699-4235
* 지원이메일: sh4444235@naver.com
* 지원시 포트폴리오 필수
​","""로고세상"" 웹디자인,디자이너,디자인소스,폰트,포토샵,일러스트
2021.05.12.",카페명 없음,날짜 없음,https://cafe.naver.com/logosesang/3895725?art=ZXh0ZXJuYWwtc2VydmljZS1uYXZlci1zZWFyY2gtY2FmZS1wcg.eyJhbGciOiJIUzI1NiIsInR5cCI6IkpXVCJ9.eyJjYWZlVHlwZSI6IkNBRkVfVVJMIiwiY2FmZVVybCI6ImxvZ29zZXNhbmciLCJhcnRpY2xlSWQiOjM4OTU3MjUsImlzc3VlZEF0IjoxNzUwNzQ3Mjc4NjY5fQ.ucZQSevRFfcyYaJX-mRKZo9weQBSC9hVPmRKQn3Dgq8
25,10월4일 주요신문 헤드라인,"《경  제》
​
​
​
☞ 무 4160원, 오이 1690원…채소반찬 식탁 못 올릴라...무더위 생산량 줄고 김장철 목전 배춧값 1만원 육박 작년比 35%↑...부산지역 채소물가도 13% 급등...정부, 출하 당기고 할당관세 연장
​
​
​
☞ 통신사 오래 쓰면 더 손해…과징금 부과 전망...2년 약정하면 더 손해…위약금 2배... '할인반환금 더 많이나와요'…사전 고지 않는 통신사...'위약금 미고지' 어도비 13억…통신3사 과징금 물릴듯
​
​
​
☞ 국산 시멘트 재고 넘치는데… 정부는 ""수입산 전향적 검토""...벼랑 끝에 선 시멘트 업계...가격인하 압박 카드에 전전긍긍...""공사비 중에 시멘트 비중 0.4%...자국산업보호 추세와도 정반대""
​
​
​
☞ “멀쩡하던 스마트폰이 벽돌 됐다”…구형 갤럭시폰 ‘무한 부팅’ 대란...‘스마트싱스’ 업데이트 중 오류...일부 사용자 “사진 등 날아가”...삼성 “서비스센터서 복구 가능”
​
​
​
☞ ‘아이폰16’ 프리미엄 모델 품귀 지속...“재입고 기약없어”...AI 빠졌지만 국내서 인기몰이...한국 1차 출시국 포함 영향...‘초도물량 감소 때문’ 분석도...해외선 사전판매 10%가량 감소
​
​
​
《금  융》
​
​
​
☞ '20대 코인 부자' 평균 52억…'진짜 큰 손' 50대는 148억 보유...10억 이상 가상자산 보유 20대 185명…1인당 평균 52억원...10억 이상 초고액계좌 0.04%, 전체 투자액의 47% 차지
​
​
​
☞ ""보험사 '자폭 경쟁' 그만""…금융당국 제동 걸었다...보험사 '출혈 경쟁' 제동 건 금융당국...보장금액 한도 가이드라인 마련
​
​
​
☞ ""수익률 우리가 앞서""···퇴직연금 환승족 노리는 증권사...15일부터 '실물이전' 시행...포트폴리오 재구성 등 불편 사라져...고수익 증권사에 유리한 판 깔려...미래에셋證, RA 시행 1위 수성전...한화證, 1년새 운용액 40% 성장...한투·삼성 등 서비스 강화 매진
​
​
​
☞ 7개월 끌더니 느닷없이 공청회···소비자에 떠넘긴 ELS 개선안...올 초 '제도 개선' 공식화했지만...'불완전판매-소비자선택권' 대립...금융당국 논의만 하고 결론못내...여론 듣겠다며 느닷없이 공청회...""금융정책 책임 회피 의도"" 지적
​
​
​
☞ '독감엔 100만원' 낚시성 보험 못만든다...금융위, 건전경쟁 확립방안...경쟁과열에 높아진 보장금...적정한도 가이드라인 제시...외부검증 절차도 강화 나서
​
​
​
《기  업》
​
​
​
☞ 100兆로 커진 중고폰 시장… 삼성도 국내 사업 만지작...폰플레이션에 중고폰 수요 몰려...중고거래 64%는 '갤럭시·아이폰’...韓도 증가세…작년 750만대 거래...삼성·애플 성장 돌파구로 급부상
​
​
​
☞ 오픈AI, 8조7000억 투자 유치... 스타트업 역사 새 기록...엔비디아·소프트뱅크 등 신규 투자 참여...기업가치 208조 원... 2년도 안 돼 5배↑
​
​
​
☞ ‘흑백요리사 효과’ 넷플릭스, 티빙과 격차 다시 벌렸다...넷플릭스, '흑백요리사' 역대급 인기...티빙, 야구 공백 메우기 관건.. 쿠플, 임영웅에 기대
​
​
​
☞ SK온 “각형 배터리 첫 양산”…지리그룹 전기차 공급 유력...서산2공장에 생산라인 구축...파우치형 넘어 품목 다변화...수주 성공 땐 자금난 '단비'
​
​
​
☞ ""테슬라보다 더 센 경쟁자 온다""...중국 전기차 최강자, 韓 '출사표'...전기차 1위 기업 중국 비야디(BYD), 한국 진출 임박...연내 차량 판매 시작할 것으로 보여...저렴한 가격이 최대 무기...전기차 시장 지각변동 일으킬지 주목
​
​
​
《부동산》
​
​
​
☞ 돈 한 푼 안 들이고 ‘엄마찬스’로 20억 아파트…강남3구·마용성 이상거래 급증...국토부 위법의심행위 397건 적발...“0억 이하 매물 올리지마”...입주민 오픈채팅방서 유도...최고가거래 신고후 취소도
​
​
​
☞ “앞으로 한강뷰 안 부럽겠네”…도로 지하화 한다는 이 동네, 강남이 10분대로...동부간선 지하도로 착공...월릉~대치 2029년 완공...전체 구간 개통은 2034년...상습 정체 골머리 ‘동북권’...교통은 물론 주거환경 개선...창동·상계동 주공 최대수혜...중랑 광진 동대문도 빛볼 듯
​
​
​
☞ 내집 장만 서두르는 40대… 2개월째 30대 추월...8월 서울 매매 거래 33% 차지...대출규제 강화 전 공격적 매수
​
​
​
☞ ‘주담대 옥죄기’ 먹혔나…서울 아파트값 3주째 상승폭 ‘둔화’...한국부동산원 ‘9월 다섯째 주(9월 30일 기준) 주간 아파트 가격 동향’ 보고서...“매수심리 위축돼 매도·매수 희망가 격차가 지속되는 등 거래량 및 상승폭 둔화”
​
​
​
☞ ""대체 무슨 일이냐"" 15억하던 목동아파트, 1년 만에...한국부동산원 주간 아파트 가격 동향...서울 집값 주춤?…목동선 '신고가' 우수수...목동 재건축 단지 중심 집값 '껑충'...""정부 대책 이후 사업 기대감 커져""
​
​
​
《사  회》
​
​
​
☞ “방제 7번 해도 안 돼, 이런 경우 처음”…중국서 벼멸구 유입에 농민들 ‘시름’...이상고온으로 산란 횟수 늘어...여의도 면적의 117배 논 피해...전남 “재해 인정을” 거듭 요청
​
​
​
☞ 불펌 숏폼 콘텐츠 확산되는데…방심위 심위는 '역부족'...與최형두 지적…유튜브·인스타·틱톡, 5년간 52건 불과...해외콘텐츠 불펌 넘어 K콘텐츠 국내외 불펌으로 피해...양산형 불법 숏폼 콘텐츠 조직적 제작 업체까지 증가
​
​
​
☞ 통신비 감면 사각지대 여전… 취약계층 216만 명, 혜택 놓쳐...법적 감면 대상자 중 22%가 혜택 못 받아...2024년 상반기 놓친 감면액만 1740억원
​
​
​
☞ ""의료대란 여파?"" 의사 실기시험응시자 90% 줄었다...제 89회 의사실기시엄 347명 응시…전년대비 90% 감소...김선민 의원 ""내년 배출 의사 감소…대책 마련 시급""
​
​
​
☞ 텔레그램도 수사 협조하는데…국내 메신저 통한 불법 ‘노터치’...미성년자 조건만남 등 고발돼도 수사에 제한 ‘불송치’...검열 우려에 방치…“기본권 침해 않는 조치 강구해야”
​
​
​
《국  제》
​
​
​
☞ 미 특검 “2020년 트럼프 대선 뒤집기 시도는 사적 행위…면책 대상 아냐”...당시 “2024년 멀다” 발언 등...“대통령 아닌 후보 행위” 지적...“일부 공적 행위” 인정한 법원...추후 공판서 입장 바뀔지 주목
​
​
​
☞ 이스라엘 지원 ‘실망’ 해리스에 등 돌린 아랍계...바이든 행정부 무기 제공·가자지구 학살 ‘방임’에 분노...민주당 텃밭 꼽혔지만 최근 여론조사서 트럼프 더 지지
​
​
​
☞ 日 규슈 미야자키 공항 하루만 재개장…2차대전 美 불발탄 폭발 여파...3일 오후 7시30분께 재개장…비행 80편 이상 취소...폭약 무게 250㎏…세계대전 당시 日 해군 공군기지
​
​
​
☞ 이시바, 내일 첫 정책 연설…원전 '폐기' 뒤집고 '활용 촉진'으로...총재 선거 당시에는 ""원전 발전소 단계적 폐지 주장""...대외 안보 및 경제·재해 정책 발표할 듯…미일 지위협정은 제외
​
​
​
☞ ""련락 후 콤퓨터 검색리력 삭제하라""…CIA 북한 정보원 모집 나선 美...CIA, 러시아 이어 北·中·이란 정보원 모집...해당 국가 언어로 만든 홍보 영상 공개","꿀 통
2024.10.04.",카페명 없음,날짜 없음,https://cafe.naver.com/postmore/654?art=ZXh0ZXJuYWwtc2VydmljZS1uYXZlci1zZWFyY2gtY2FmZS1wcg.eyJhbGciOiJIUzI1NiIsInR5cCI6IkpXVCJ9.eyJjYWZlVHlwZSI6IkNBRkVfVVJMIiwiY2FmZVVybCI6InBvc3Rtb3JlIiwiYXJ0aWNsZUlkIjo2NTQsImlzc3VlZEF0IjoxNzUwNzQ3Mjc4NjY5fQ.GebDxtoddGo_v9BbjLZaQP3bPyjhfmhHIk5sJVGFBkE
26,★경기(고양시)★(주)비온디 보충역&현역(1순위) 채용,"= ※ 산업기능요원 [보충역&현역(1순위)] 모집※ =
1. 접수 기간 : 2022.08.29. ~ 2022.09.23
2. 담당 업무 : S/W 개발
3. 근무지 : 경기도고양시 일산동구 정발산로 43-7 메리트윈, 509호
(홈페이지 :https://www.koma.center/)
4. 모집인원 : 보충역 3명&현역(1순위) 1명
(만료후 정직원 가능)
5. 접수 방법 :https://url.kr/8x5whk사람인 또는 잡코리아
6. 지원절차: 서류전형-면접-최종합격
(서류합격자는 개인적으로 연락을 드리겠습니다.)
7. 제출서류 : 이력서, 자기소개서 (보충역 판정 이유 기재 요망)
8. 근무조건 : 주 5일 (AM 10:00 ~ PM 19:00) , 탄력근무 가능
9. 수습기간 : 1~2개월 이내 (급여 100%지급), 수습 평가에 따라 편입
10. 급 여 : 연간 2,400만원 ~ 3,600만원
11. 퇴직금 지급방법 : 퇴직연금
12. 군사교육기간 급여 : 85% 지급
13. 복리후생 : 4대보험, 건강검진, 연차, 정기휴가, 명절 상여금
14. 주의사항 : 메인 언어 React 입니다. / 포트폴리오 필수 / 개발 경력 6개월 또는 프로젝트 3개 이상
​
- 회사 소개 -​
당사는 SI 업체로써, 관공서, 대기업, 중견, 소기업 등의 S/W개발을 진행하고 있는 업체입니다.
현재 S/W, H/W 교육, S/W 개발이 주업이며, 2030대의 젊은 회사입니다.
대표자 또한 산업체 복무 경험이 있어서 일반 다른 팀원들과 동등한 대우로 진행될 예정입니다.
​
ㆍ자율출퇴근제 시행: 9~10시 출근, 6~7시 퇴근
ㆍ임직원의 워라밸 존중: 야근 NO 선호! 이럴 일이 있을까 싶지만, 주말 근무 시 평일 대체 휴무
ㆍ회식 문화 NO! 회식이 있더라도 강요 NO!
ㆍ젊은 기업: 평균 20대~30대, 나이 제일 많은 사람이 35살(하지만 노꼰대)
ㆍ장기 근속자 포상 휴가 및 포상 지급
ㆍ명절 상여금(상품권)
ㆍ듀얼모니터 지원
ㆍ완전 자율 복장: 공고 올리는 사람 지금 냉장고 바지 입음
ㆍ청년내일채움공제 등 국가지원사업 가입
ㆍ경기도 청년면접수당 기업확인서 서명 가능
ㆍ3호선 정발산역에서 도보 2분 거리, 맛집 많음 :)
ㆍ월 1회 점심시간 2시간! 여유 있는 식사 시간을 한 번은 가져봐요!
​","◈ 미필자 정보공유 카페 ◈
2022.09.02.",카페명 없음,날짜 없음,https://cafe.naver.com/webcenter/877121?art=ZXh0ZXJuYWwtc2VydmljZS1uYXZlci1zZWFyY2gtY2FmZS1wcg.eyJhbGciOiJIUzI1NiIsInR5cCI6IkpXVCJ9.eyJjYWZlVHlwZSI6IkNBRkVfVVJMIiwiY2FmZVVybCI6IndlYmNlbnRlciIsImFydGljbGVJZCI6ODc3MTIxLCJpc3N1ZWRBdCI6MTc1MDc0NzI3ODY2OX0.stGU-nCjcS6XYp0i1UK1Y8y6OGnPBIDfZpKUn8eckNE
27,김범곤의 월300만원 평생연금,"출판사로부터 도서를 제공받아 직접 읽고 작성한 리뷰 입니다.
김범곤의 월300만원 평생연금!  책 제목만 봐도 욕심이 난다. 게다가 남보다 덜 내고 더 빠르게 부자가 된다고?
이 길이 정녕 있다는 것인가? 연금에 대해서 많이는 들어봤지만 잘 몰라서 선뜻 나서지는 못했었다.
그런데 이러다가는 평생 모를듯 싶어서 더 늦기 전에 도전해보고자 이 책을 읽게 되었다.
목차만 봐도 나처럼 무지한 사람들에게 얼마나 친절하고 꼼꼼하게 알려주는지 알 수가 있다.
목차만 봐도 책 한권은 읽은 듯한 기분이 벌써 들었다. 김범곤의 월 300만원 평생연금은 크게 3가지 방향으로
제시한다. 첫번째는 연금저축, 두번째는 퇴직연금, 세번째는 lSA이다. 그리고 20대부터 50대까지 생애주기별로
월급쟁이부터 자영업자까지 어떻게 해야할지 구성되어있다. 사실, 연금에 대한 정보는 많이 찾아볼 수도 있고
얼마든지 많이 있지만 어렵고 복잡하게만 느껴졌다. 전문가의 도움 없이 가능한것일까?라는 생각에 연금공부에
시작부터 겁이 들었다. 그런데 이 책을 읽고 나서 정말 나같은 사람에게 안성맞춤인 책이라는 생각이 들었다.
단계별로 비교분석 및 사례설명까지 제시되어있어서 이해가 쉬울 뿐만 아니라 이 상황에서는 어떻게 적용해야
하는지, 지금 현재 자신의 상황에 맞게 시뮬레이션 되어 있어서 책이 아니라 마치 동영상을 듣고 있는 듯한
기분까지 든다. 이 책을 한장, 한장 읽어나갈수록 그동안 무지했던 내 자신이 너무 부끄럽고 많은 반성을 하게
되었다. 단지, 복잡하고 어렵다는 이유만으로 .. 당장 눈앞에 닥친 일이 아니라는 이유만으로.. 차일피일 미루고
있던 내 자신이 한심하게 느껴졌다. 그래도 이제라도 지금이라도 이 책을 읽게 되어서 얼마나 다행인가?!!
물론, 모든 내용이 100% 다 이해가 되는 것은 아니지만 한 단계씩 공부해나가면서 나아가다보면 김범곤의 월300만원
평생연금 이 책의 진가를 발휘할 날이 머지 않을 것 같다.
특히, 이 책에서 가장 좋았던 점은 이렇게 질문들이 나와있는 점이다. 독자들이 미리 궁금해할만한 내용들을
이렇게 먼저 알려준다. 어려운 답변이 아니고 최대한 많은 질문에 답변은 자세하지만 이해는 쉽게 나와있어서
김범곤의 월 300만원 평생연금 이 책의 가장 큰 장점이 아닌가 생각한다. 특히나 사례별로 다양한 내용에
있어 맞춤 계산까지 나와있으니 이보다 친절한 책이 있을까?
김범곤의 월 300만원 평생연금 이 책을 한번 읽었다고 모든 내용이 정복되는 것은 아니다.
더 깊이있는 공부를 원하는 분들은 저자가 운영하는 유튜브 및 동영상 강의도 있으니 참고하면 더 많은
도움이 될 것 같다. 아는 것이 힘이라고 했던가? 덜컥 겁부터 냈던 분야의 책을 이번 기회를 통해 접하다 보니
하루 빨리 시작을 하는 것이 조금이라도 더 풍요로운 미래가 기다리고 있지 않을까하는 생각이 들었다.
어려운 공부겠지만 배움에는 끝이 없고 공부해서 남 주는 것 아니니 말이다. 연금에 대해 전혀 무지한 사람들은
물론 어느정도 투자가 진행된 분들에게도 이 책이 더할나위 없는 훌륭한 길라잡이가 되어줄 것이다.
특히, 퇴직연금에 민감한데 퇴직연금을 너무 안정적인 상품으로만 운용할 경우 장기투자수익이 물가상승률을
따라가지 못해 실질 수익률은 마이너스가 될 수 있다고 한다. 이 문장을 보는데 그 어떤 내용보다 크게 와닿았다.
그래서 저자는 감당할 수 있는 범위 안에서 위험자산과 안전자산을 혼합하여 포트폴리오를 구성해야 한다고 한다.
이 역시 본인의 선택이겠지만 그래서 연금을 공부해야 한다고 저자는 강조하고있다. 그렇다고 너무 어렵게만
생각할 일은 또 아닌 것 같다. 나는 이 책을 읽어본 사람들이야말로 연금공부에 첫 걸음을 제대로 시작했다고
생각한다. 연금공부가 돈 공부! 미래의 나에게 보내는 최고의 선물은 연금이라고 말하는 국내 최고 연금전문가의 왕초보 입문서 김범곤의 월 300만원 평생연금, 이 책 정말 추천한다.
​
#책세상 #맘수다 #책세상맘수다까페 #김범곤의월300만원평생연금 #진서원
​
​","●책세상 맘수다 체험단 공구카페(공구,국내핫딜.육아, 초등)
2025.01.19.",카페명 없음,날짜 없음,https://cafe.naver.com/bookchildlove/2118805?art=ZXh0ZXJuYWwtc2VydmljZS1uYXZlci1zZWFyY2gtY2FmZS1wcg.eyJhbGciOiJIUzI1NiIsInR5cCI6IkpXVCJ9.eyJjYWZlVHlwZSI6IkNBRkVfVVJMIiwiY2FmZVVybCI6ImJvb2tjaGlsZGxvdmUiLCJhcnRpY2xlSWQiOjIxMTg4MDUsImlzc3VlZEF0IjoxNzUwNzQ3Mjc4NjY5fQ.dwWxMRquGCqm-2n3jnyXqGdhWjK2qLsOl6e-CJTtLXw
28,[구인] ㈜디앤씨 미디어디앤씨웹툰 선화팀(정직원) 채용,"​
㈜디앤씨 미디어
디앤씨웹툰 선화팀(정직원) 채용
디앤씨미디어는 웹소설, 웹툰, 글로벌 콘텐츠 등을 기획, 제작하여 국내와 해외에 서비스하고 있는 종합 콘텐츠 기업입니다.
<나혼자만 레벨업><황제의 외동딸> <이번 생은 가주가 되겠습니다> <악역의 엔딩은 죽음뿐> 등 수많은 히트 작품을 보유하고 있으며
해당 작품들의 종이책 출판, 영상/게임 등의 2차 판권 사업, 굿즈 사업 등을
전개하고 있습니다.
모집 분야 및 자격 요건
■고용형태: 정규직 (수습 3개월)
■직종: 선화 팀원
■개요: 캐릭터 디자인, 웹툰 데생및 펜터치 진행
■모집인원: ○명
자격 조건 및 채용 방식
■학력: 무관
■경력: 무관
■나이: 20대 이상 성인
■성별:무관
■합격 및 불합격 통보날짜: 10월 31일
■합격 및 불합격 통보방식: 합격자에 한해 이메일
급여 및 근무환경
■최소 지급연봉: 연봉 3000~ / 경력자의 경우 협의
■근무예정지: 서울 구로구 디지털로 32길 30, 1301호
■출퇴근 요일 및 근무시간: 월~금요일 / 일 8시간 (9~10시 자율 출근)
■퇴직금 지급방법: 퇴직연금 (1년 이상 재직시)
■복리후생:
-점심식대 지원
-야근식대 지원
-임직원 교육비
-명절상여금 지급
-각종 경조사 지원
-휴가비 지급
-생일자 현금성 복지 지급
■연봉 협의 및 제시 가능여부: 유
■시간 외 근무수당유무: 무
■연금 4대보험 가입유무: 유
■계약서 작성유무: 유
개요
■제출서류: 이력서 및 포트폴리오1부
■포트폴리오 스타일: 자유 양식
■접수방법: oh.hw@dncmedia.co.kr 로 이메일 접수
■회사 주소지: 서울 구로구 디지털로 32길 30, 1301호~1308호
회사 홈페이지: 회사 홈페이지 :https://www.dncmedia.co.kr","CKMC 청강문화산업대학교 만화콘텐츠스쿨 (청강만창)
2024.10.08.",카페명 없음,날짜 없음,https://cafe.naver.com/ckmccafe/8592?art=ZXh0ZXJuYWwtc2VydmljZS1uYXZlci1zZWFyY2gtY2FmZS1wcg.eyJhbGciOiJIUzI1NiIsInR5cCI6IkpXVCJ9.eyJjYWZlVHlwZSI6IkNBRkVfVVJMIiwiY2FmZVVybCI6ImNrbWNjYWZlIiwiYXJ0aWNsZUlkIjo4NTkyLCJpc3N1ZWRBdCI6MTc1MDc0NzI3ODY2OX0.anx3PtTZmusajnIkoZHoY6e8ObCnRXNv4FUM8syjyns
29,퇴직연금저축 펀드 3가지 장단점 총정리 !,"​
100세 시대를 사는 우리들은
노후준비를 필수적으로 해야
합니다.
노인빈곤율이 50%인 환경에서는
빈곤층으로 떨어지지 않으려면
30대부터 노후준비는 필수인데요.
​
나라에서 노후준비로 추천하는
제도가 바로 퇴직연금저축 펀드
입니다.
​
오늘은 퇴직연금저축 펀드의
장단점 3가지에 대해서 알아
보겠습니다.
퇴직연금저축 펀드 장점
1. 세액공제 16.5%
​
퇴직연금저축 펀드의 가장 큰
장점은 바로 13.5% ~ 16.5%의
통 큰 세액공제 입니다.
​
1년 최대치인 400만원 한도
납입액 내에서
​
연봉 5500만원 이하는 16.5%
인 66만원을 돌려주고
​
연봉 5500만원 이상은 13.5%
인 52만 8천원을 연말정산 때
세액공제액으로 돌려주거든요.
​
퇴직연금저축 펀드 단점
1. 원금 비보장형 투자상품
​
하지만 장점이 있으면 단점도 있죠.
​
퇴직연금저축 펀드는 원금 비보장형
상품이기 때문에 원금 손실의 가능성
이 있습니다.
​
주식, 주식형 펀드, ETF 등에 투자
하는 상품이기에 이 원금손실에
대한 리스크는 감수해야 합니다.
​
언제나 High 리스크, High 리턴
​
퇴직연금저축 펀드 단점
2. 해지 시 손해가 엄청남
​
이게 가장 큰 단점인데요.
​
살다보면 이런저런 이유로 목돈이
필요한 경우가 있잖아요?
​
이럴 때 퇴직연금저축 펀드를 해지
하려고 한다면 펀드 전체금액의
16.5%가 그냥 날아갑니다.
​
만 55세 이후로 수령하는 연금성
상품인만큼 세액공제 혜택도 크게
주는 대신 이렇게 해지 패널티도
크게 설정했습니다.
​
만 55세 이전에 해약하면 1천만원
중에서 165만원이 그냥 날아가는
것이니 신중하게 가입해야 합니다.
이렇게 퇴직연금저축 펀드의
장단점을 세밀하게 알아봤습니다.
​
요즘은 100세 수명이 기본인 시대
가 되었는데요.
​
은퇴 시점인 만 55세 부터는 젊을
때 꾸려 놓은 노후자금으로 생활비,
병원비, 주거비, 관리비, 세금 등의
모든 부분을 충당해야 합니다.
​
그러기 위해서는 20대 ~ 30대때
부터 부지런히 자산을 꾸려놓아
야만 하죠.
​
하지만 어려운 점이 있다면...
​
금융지식이 전무한 상태에서는
어떤게 나에게 가장 좋은 노후
준비책인지 알기가 힘듭니다.
​
세금혜택을 가장 많이 받는 방법,
적게 투자해도 안정적으로 받는
방법 등을 알기가 힘들죠.
​
이럴 때 가장 좋은 방법은 무료
재테크 사이트를 활용해서 나의
노후준비 최적화 포트폴리오를
무료로 받아보는 방법입니다.
​
이런 사이트를 잘 활용하면
시중에는 잘 없는 알짜정보를
손쉽게 무료로 얻을 수 있어요.
​
​
노후 최적화 포트폴리오 [무료]
​
​
이 곳은 직장인들에게 가장 인기가
많고 최신 고금리 특판 정보가 많은
재테크 사이트 입니다. 여기를 활용
해서 노후준비 포트폴리오를 무료로
받고 풍성한 노후를 준비해보세요~
​","스마트성공투자
2020.08.28.",카페명 없음,날짜 없음,https://cafe.naver.com/kmsdora/6777?art=ZXh0ZXJuYWwtc2VydmljZS1uYXZlci1zZWFyY2gtY2FmZS1wcg.eyJhbGciOiJIUzI1NiIsInR5cCI6IkpXVCJ9.eyJjYWZlVHlwZSI6IkNBRkVfVVJMIiwiY2FmZVVybCI6Imttc2RvcmEiLCJhcnRpY2xlSWQiOjY3NzcsImlzc3VlZEF0IjoxNzUwNzQ3Mjc4NjY5fQ.nFtB8wHH-qkALqbAB29NpR9flmMk41eqw0UrjKOuyzA
